,address,year,day,length,weight,count,looped,neighbors,income,label
0,ogsgngxuprzdzpj,2016,292,909,160,266,401,868,9581.180089194339,paduaCryptoWall
1,vcyqqwghmdkxdsd,2013,257,537,351,910,278,903,2204.4600424541895,montrealSamSam
2,ifbnncldirckjqy,2022,8,301,912,210,354,790,8861.817721293452,paduaCryptoWall
3,dppagnirwhcaihn,2020,113,243,288,563,749,586,9343.041141674903,princetonLocky
4,xdwujxddwtucwda,2017,355,122,288,118,937,999,9164.205445320662,paduaCryptoWall
5,nrpovciozvcudio,2022,253,147,892,713,733,437,6354.143568619098,montrealDMALockerv3
6,yfqxbtepecmulom,2014,180,567,226,377,580,975,6298.2065443470765,montrealGlobe
7,zuljapdlwctexqk,2016,207,750,523,551,709,207,4032.1063318382276,montrealCryptoTorLocker2015
8,levsgxggrguclwq,2019,303,356,522,540,256,388,7523.978823037879,montrealDMALockerv3
9,tkxzfmcdegjndpy,2012,127,685,783,771,651,480,5312.9401835093195,montrealFlyper
10,lldbjafvlxrkjyg,2016,56,904,273,84,824,791,6774.380712282945,montrealNoobCrypt
11,jtizfgzldgwcbkh,2020,214,733,936,454,947,887,4284.579038487955,montrealSamSam
12,sdmmyoeyrrqlrlf,2020,14,631,402,667,661,838,7314.964640431391,montrealCryptoLocker
13,epanhowfjvzqslv,2017,28,309,183,629,99,984,8244.71517604549,montrealDMALocker
14,rsmpyxwztqkjowy,2014,78,695,969,514,588,340,1464.3625660281612,montrealSamSam
15,kanhcnpjmvdgtcx,2013,216,288,665,605,282,869,8329.29715574228,montrealCryptoTorLocker2015
16,bilmorwleegnjzb,2017,365,307,488,678,883,340,5402.965317903072,montrealCryptXXX
17,nsnbngivqrsfglg,2017,154,812,827,387,403,204,8446.659090902243,montrealDMALocker
18,zimhidswfhbuwlh,2012,14,594,846,912,109,161,4313.017063410146,montrealCryptXXX
19,skqgkozsivonlnm,2015,187,966,124,350,700,540,3790.4048538303505,montrealNoobCrypt
20,yeeuusbqjceakcl,2014,312,914,985,296,199,392,9150.607325172225,montrealCryptoTorLocker2015
21,iiqkurmfkdjdmwz,2011,7,723,626,258,303,769,2511.692675484013,montrealGlobe
22,muwzqhdwiydkpio,2017,3,662,790,81,327,677,8442.123252861431,montrealWannaCry
23,vviuirojyvpksgq,2021,111,549,414,937,154,575,4840.205725094042,montrealWannaCry
24,qngkvugrkqgbnhy,2015,238,352,980,268,552,534,5140.9544255125975,montrealWannaCry
25,jfejheqhocohxgf,2011,363,312,725,419,645,70,3084.6828148948402,montrealCryptoLocker
26,fabpnqqnkhqfnnp,2021,239,873,172,235,405,893,5730.422006190157,montrealCryptoLocker
27,zweagshkouxrsrq,2014,274,59,288,833,462,405,3252.1119627621133,montrealWannaCry
28,gbubhreoxnymynv,2010,294,643,435,311,132,608,392.6941424165231,montrealCryptXXX
29,mjomyylccruzdem,2021,227,924,686,813,791,675,2719.9860534435606,montrealCryptoTorLocker2015
30,ziwdtdlyaiasvhj,2019,15,714,113,975,874,591,63.79043406590679,paduaCryptoWall
31,rrpmpveyziwzgbe,2015,192,755,888,986,84,517,9783.547870568565,montrealCryptoTorLocker2015
32,nkvltrptwlhmaft,2022,119,35,917,357,399,828,9657.472098197475,montrealFlyper
33,fhlvbwrnrmlfrcg,2021,28,445,995,213,754,120,3951.5529747230503,montrealWannaCry
34,udytdhxrcqlrebt,2018,202,93,122,574,628,814,7283.70854339646,montrealCryptoTorLocker2015
35,xctqxpfgdjieqzj,2010,39,950,544,49,109,690,3458.0609841042497,princetonLocky
36,rkkoiqciuhcixib,2020,273,959,222,127,221,688,6710.9315708597605,montrealCryptoLocker
37,fndymypqqsoxxei,2020,231,207,631,223,904,902,8054.300430459791,montrealCryptoLocker
38,ckpprybuvoozqrf,2019,86,353,39,921,553,217,9467.562446922408,montrealCryptXXX
39,ttjemklcjhmstrf,2021,126,903,497,279,368,56,4002.12275849672,paduaCryptoWall
40,tovobvhyxrrgkct,2021,300,332,780,408,147,366,7832.979829560477,montrealWannaCry
41,bhloejwghjrucnq,2012,25,817,233,505,112,699,2659.284506321188,montrealSamSam
42,ivtrezihndlljrm,2021,145,862,943,294,615,504,9903.323037936483,montrealDMALocker
43,onfdeiqndrealnq,2016,13,725,530,796,558,744,257.69598764351144,montrealCryptXXX
44,mxmfmpocwskhdqc,2013,212,159,149,277,924,767,6035.288065011209,montrealCryptXXX
45,vmnzxnmfewsxfoh,2018,25,954,397,438,494,925,6595.0598165132715,paduaCryptoWall
46,drvgcizmjgsgara,2012,68,957,661,107,505,455,6880.455570741288,montrealDMALockerv3
47,mjvywwebvvzvftx,2014,67,24,638,658,475,104,1203.87578789089,montrealGlobe
48,helbqjdaojvzdfm,2012,233,404,904,420,836,77,9385.297834731304,montrealWannaCry
49,oqlmlxhimqlmxle,2016,109,805,302,611,890,230,1811.832790500828,montrealSamSam
50,ttszbuxyptnxdns,2014,146,516,360,429,271,914,6227.534032398411,montrealGlobe
51,laqvjtqnpngzehn,2018,111,732,238,375,995,258,2226.7607912308495,montrealCryptoLocker
52,luiitkhyikctoql,2016,228,364,647,73,421,264,3072.164170212709,paduaCryptoWall
53,aznotlcceksjwpc,2011,111,382,663,949,897,331,5464.585417281243,montrealSamSam
54,lybivlwevbvaplj,2013,34,532,236,998,707,993,4171.934185645765,princetonLocky
55,hjwwjhxsvxdgkmw,2018,111,956,736,634,367,182,1602.2560097650628,montrealCryptXXX
56,kzatckyhstavdxo,2021,264,152,203,30,280,893,1709.364024208483,montrealGlobe
57,uwlbkeeouatnsij,2011,236,562,256,188,283,768,4181.447881627996,paduaCryptoWall
58,xyaytcqxyhxuelt,2019,83,689,598,364,40,550,7572.829782755008,montrealCryptoLocker
59,wcnhetkhztoekah,2018,42,947,662,866,959,688,8979.646468477886,montrealCryptoTorLocker2015
60,vgaaacixvabramn,2019,101,608,235,800,189,27,841.2766225938284,montrealCryptoLocker
61,nhboshgabprkglx,2014,6,617,345,451,164,276,3931.0390755940107,montrealGlobe
62,jxkaxsyhlmweemj,2011,180,420,534,195,994,652,1002.4556372287662,princetonLocky
63,vrtohsprjnyufwi,2013,282,250,860,156,989,299,165.92480632597884,paduaCryptoWall
64,rmzqzppnkmsnjaj,2021,320,117,797,172,536,957,6617.186826439566,montrealDMALocker
65,fbruwzljopqovhl,2021,226,866,781,847,536,799,6024.494419665878,princetonLocky
66,mtbjiesmqlxjbiz,2016,315,512,466,41,4,91,1630.1911381488621,montrealWannaCry
67,mmluyymwbmdibwf,2021,365,740,770,63,835,480,2338.128330930641,montrealWannaCry
68,zezyblqeziphksi,2022,229,578,541,23,290,573,237.07753644518382,montrealDMALocker
69,yepmojaujclqfsb,2017,289,335,213,360,953,458,8349.472056944038,montrealFlyper
70,xnswuiixvkigfod,2012,150,418,463,75,433,451,9746.905960485514,montrealCryptoTorLocker2015
71,fzkgzpehosrizyn,2010,277,932,436,560,471,365,1354.595367946908,montrealGlobe
72,mqhrngzxnwclbfg,2013,198,774,283,672,181,859,2314.752137652981,montrealDMALocker
73,pdcwelabxyullyd,2011,70,295,562,825,248,675,8684.095239469341,montrealFlyper
74,sazbvakimpjynip,2017,112,938,607,118,628,351,9264.637979561849,montrealCryptXXX
75,porupfyepynlhql,2013,4,755,463,612,279,655,4196.273828068103,montrealDMALockerv3
76,hfaoxeykvlhkvxa,2011,350,371,407,380,877,400,506.22472269074126,princetonCerber
77,fuunmwtdpdjgolp,2015,331,186,88,929,581,253,393.918336928194,montrealSamSam
78,jzgeqocjhsnsriu,2015,318,246,44,920,863,781,5739.498660690105,princetonLocky
79,lzcjzuwczywfsiu,2019,350,637,461,679,254,881,3928.9510889317903,montrealSamSam
80,avfjcwtbohkqdbx,2013,95,268,278,290,181,803,286.52427577654515,montrealCryptoTorLocker2015
81,wuafbqwjapgemoe,2015,152,643,683,440,830,459,5832.523923125567,montrealSamSam
82,kcptrrswfvoruwy,2022,311,237,421,668,681,699,113.02536589022472,montrealSamSam
83,tsayjlwmvbbjrvf,2011,137,530,701,933,825,917,7873.71958149273,montrealFlyper
84,pvgivumagnhuqce,2019,247,552,353,7,509,499,3064.328227033716,montrealCryptoLocker
85,pbvcuzpjkmsxqmg,2021,243,21,696,196,761,950,402.580030092321,paduaCryptoWall
86,rrddggysyemknpp,2011,31,911,515,421,700,971,5883.5222098315335,montrealCryptXXX
87,bpzuovfhwwmclft,2019,40,737,703,568,566,926,3976.844144330547,princetonCerber
88,qruxnpoweddvgdb,2013,229,867,630,833,326,508,9738.004133571496,paduaCryptoWall
89,vjgarviyghykqmg,2017,36,794,19,193,357,304,5441.986625037022,montrealCryptoLocker
90,cbwamqnzzrczqvp,2016,223,520,23,559,825,501,2752.391810370083,montrealSamSam
91,dtljacuoifthwle,2021,6,100,413,148,650,803,7094.3886463397475,princetonCerber
92,utpdzvuwhbiyfzd,2018,322,752,30,787,680,598,2714.920025427113,montrealCryptoLocker
93,faxqtwwegcvsorh,2017,220,478,807,669,391,166,9042.43291407565,montrealFlyper
94,kxckcnfswiwlgvn,2014,75,599,108,202,615,415,3747.2197050737645,montrealCryptoLocker
95,okjumehqvtunvgh,2022,4,298,367,444,934,462,5498.685627762052,montrealFlyper
96,anbxpaielurvktk,2011,335,940,281,914,85,920,505.7310382422886,montrealCryptoLocker
97,dbyybmwcszufzav,2014,134,526,128,988,317,114,4261.212379522308,montrealWannaCry
98,vcpiyfctfyfrsjt,2017,118,334,229,419,212,433,8323.63539660995,princetonCerber
99,ghaerurngotmtvs,2019,94,2,111,427,515,992,8056.488053633419,montrealDMALocker
100,yiwwlfhrvttpqhn,2018,62,375,136,479,384,356,2243.1855885352625,montrealCryptoLocker
101,ygxwgbtyxiigwwq,2021,194,293,362,475,691,928,2260.7907101056267,montrealDMALockerv3
102,zxnnpipvcsvybuo,2021,335,837,186,126,342,695,8173.053122132368,montrealSamSam
103,kgypltgtyifmsip,2021,203,934,656,395,815,207,9303.984201693254,princetonCerber
104,dtchxuybliipgug,2022,26,553,584,817,964,768,953.6092127300356,montrealWannaCry
105,jydkofxuqongvhn,2018,173,318,129,881,988,235,4500.586394262253,princetonLocky
106,vmvbvbnybjxrpgr,2022,300,502,876,806,844,442,3374.54278964229,princetonLocky
107,mpvvzvgmzvkjjfj,2022,133,828,261,576,38,355,8706.884554574393,montrealCryptXXX
108,rixtxahrwgnitqw,2010,326,381,515,325,511,515,835.2491468001876,montrealNoobCrypt
109,tosxzheoemvxxxa,2018,118,623,449,392,420,208,2111.259425580374,montrealDMALockerv3
110,amcclrhitotuoos,2016,324,14,900,930,751,709,7524.683375864944,princetonLocky
111,obtmbmytemwyoba,2018,275,504,104,688,169,853,512.9384898121558,montrealWannaCry
112,bynxxssnebkdubr,2017,212,231,483,628,965,125,4925.353807142893,montrealGlobe
113,gqrjpriozvphcty,2010,225,985,224,440,909,138,4421.0703467972,montrealNoobCrypt
114,yjztjosnfudonzu,2021,20,84,832,204,343,339,3344.0117898874864,montrealCryptoLocker
115,uherltdphazttno,2017,113,130,874,486,826,537,3945.723153189238,montrealCryptoLocker
116,sqakdzlmphzhaaa,2017,140,743,866,833,306,68,5299.405869302329,montrealCryptoTorLocker2015
117,msrqkvfyejyzigv,2020,47,838,491,31,542,573,1613.6735838838313,montrealSamSam
118,jhscydyfsddvijk,2012,1,145,473,388,702,541,5719.958782835928,montrealNoobCrypt
119,vybnwmeekqowvor,2010,90,891,10,625,869,383,8054.323292999863,montrealSamSam
120,edproprclbgkutp,2017,142,857,405,877,537,19,7601.60929790159,montrealWannaCry
121,ltnzultsnzdoete,2012,320,28,896,434,112,683,1538.999046937737,montrealGlobe
122,xglglxhlgdrsgdz,2012,38,66,302,837,411,450,1492.494697414739,montrealDMALockerv3
123,dwajcntdydjruwk,2010,293,163,231,926,947,74,2681.7436774491334,montrealFlyper
124,qtbcehjvlnuowcz,2020,139,229,731,376,206,573,3610.747263410372,montrealNoobCrypt
125,wtvnbcbjrelnjus,2014,356,261,923,344,185,939,4084.555814084826,princetonLocky
126,miimuxmytbfxfht,2019,333,449,66,443,382,665,6796.972168333453,montrealDMALockerv3
127,zmkrqrvgwffincy,2016,259,424,937,579,496,276,566.8043216583541,montrealCryptoTorLocker2015
128,psqnylrbqqgufhd,2019,161,460,112,75,379,48,346.7270422606639,montrealDMALocker
129,leefjljjrwgkeac,2018,178,952,13,557,47,211,3919.10562943909,montrealSamSam
130,lzxtvxqdynaunql,2021,10,676,393,772,886,855,6971.636921379804,montrealSamSam
131,zseqfktorfccbbo,2016,261,301,500,666,740,920,1934.3534295648258,montrealDMALockerv3
132,gdmwcsswpysqyef,2018,138,919,932,155,551,651,6415.044812562517,montrealCryptoLocker
133,jsttmefryoftnkd,2017,172,303,598,430,528,622,2598.281379402995,montrealSamSam
134,ngvyufgnhkrxgng,2021,13,287,234,363,504,994,8860.861088135163,montrealCryptoTorLocker2015
135,nszjcialicrhcja,2011,168,395,602,448,22,695,8956.899442666165,montrealGlobe
136,omuibvmusagzejf,2010,130,10,314,987,213,540,2972.8720428132647,princetonLocky
137,gfkdqqtgcvlmxwo,2016,84,707,566,234,310,709,2299.937539632405,princetonCerber
138,mrqsvsicblbercm,2016,321,630,12,563,661,191,4113.039720662313,princetonLocky
139,indjxlgosqgszkh,2017,319,270,209,818,968,315,2405.315851801487,princetonLocky
140,gwosakuabmqpwpl,2014,101,592,974,262,753,901,6723.838432917037,montrealGlobe
141,fdblfldafpjdfvl,2012,329,970,14,827,272,563,8260.646845482855,montrealSamSam
142,ejtnkpdakscxsld,2021,273,605,633,125,571,661,6730.92130911217,montrealDMALocker
143,rgepxupmzaiottn,2017,265,778,418,911,799,780,8243.504472493494,paduaCryptoWall
144,rwhxkuisbmvmeyu,2015,38,844,437,245,938,562,3969.921622074741,montrealFlyper
145,jrrxiyizpeeqsjz,2020,94,862,377,542,202,900,1563.1697070886087,montrealCryptoLocker
146,ztaiuauqgiowafh,2012,95,361,20,938,32,758,7379.5094739759215,montrealFlyper
147,dltoxacwcvdgbgz,2010,305,257,587,485,443,113,3604.745051415539,montrealSamSam
148,fmongiqbzbiktrz,2012,69,133,912,122,162,170,6712.708252291325,montrealFlyper
149,zgohglkgzexaxju,2014,318,276,755,125,767,468,2706.4394198176565,montrealCryptoLocker
150,wrllkyqcartdgqn,2012,236,776,735,549,254,678,812.2963480667266,montrealGlobe
151,tgmmrbuxhedvjew,2010,334,683,70,170,521,921,9925.817954877633,montrealWannaCry
152,xiusudpcsukwvpv,2014,137,972,824,124,977,14,1562.015079305993,paduaCryptoWall
153,iyuipgmcxvmipiw,2019,76,513,211,869,651,715,9884.209939634811,montrealFlyper
154,tvmugjajwgyajsz,2016,35,313,101,35,480,288,9772.799325664473,montrealSamSam
155,gnmpomdxygabdph,2016,1,576,698,87,10,907,7938.181039080397,montrealCryptXXX
156,rdntwwcujkjxccy,2020,296,886,132,646,726,189,6594.229620819976,montrealFlyper
157,sojvnawxbfaywec,2018,320,980,623,708,505,914,5778.070502510847,princetonLocky
158,eakxxhrhpulryzw,2019,60,284,381,786,785,155,8661.015453778347,montrealWannaCry
159,nmrrqxqhryxnhov,2019,320,121,132,201,836,567,2894.3952161948796,paduaCryptoWall
160,xkfpxgnvnzywpml,2021,349,107,20,369,560,694,4676.8121248487705,montrealSamSam
161,yxlkdijpzctkwji,2022,328,933,906,797,436,722,6193.899693665019,montrealCryptoTorLocker2015
162,ecjjpwwyhxvefvk,2012,267,687,536,77,111,888,4111.904758694911,montrealDMALockerv3
163,urrktretvssnxrd,2016,361,997,227,59,153,471,4274.864540902679,montrealGlobe
164,qszeiuasbyprsjw,2010,229,204,154,431,635,75,3302.846675020844,montrealDMALockerv3
165,kuyhokhbuvngash,2013,270,165,805,638,917,277,5642.318166845361,montrealCryptoLocker
166,htccykocctqijqc,2022,316,305,742,500,869,940,8505.74528015116,montrealFlyper
167,dmrwcvmccutxlis,2013,286,497,469,913,102,645,2015.2837800631285,paduaCryptoWall
168,tlwegedtlzwotxc,2014,291,632,822,109,753,343,9344.330387534414,princetonLocky
169,pukwnrprzzmmlpb,2016,213,556,871,736,833,425,6890.876537482297,princetonLocky
170,rlzvnpcmgylcusk,2016,165,824,405,278,191,571,8232.732126800302,montrealDMALocker
171,ccegtfgnbkjaruk,2022,5,156,202,68,729,511,5561.9069263001165,princetonCerber
172,uxnspksbuzylsqw,2020,339,367,38,69,563,857,7795.167014240635,montrealDMALockerv3
173,cpjjowlompulkwp,2022,78,719,942,165,804,182,162.0039733946721,montrealFlyper
174,ioqhlhbktqtcuwc,2013,62,902,772,489,81,458,8183.804247795352,montrealWannaCry
175,wfimilhiykmapub,2022,132,620,188,305,489,918,401.38859085366516,paduaCryptoWall
176,ggbdcwexlopddlv,2016,89,251,57,909,895,851,8899.133763628624,princetonLocky
177,gjkggdmzwmvlrth,2020,237,957,941,674,88,833,9919.627472386434,princetonCerber
178,snjfolsbikfugjr,2012,42,916,20,365,194,64,2940.6746217677783,paduaCryptoWall
179,lnircvfmpfoqfhh,2015,89,882,273,854,104,839,2103.1855628579365,montrealFlyper
180,itexpzmfmlzyjus,2021,296,334,119,821,783,260,7653.633638580407,montrealGlobe
181,zutsekbcxljiyjq,2011,328,642,583,379,96,193,2530.2634092025323,montrealNoobCrypt
182,ztptovtwtcxqevz,2019,295,969,516,343,423,655,8655.623831722034,montrealGlobe
183,jcfwwvwgyzixcob,2022,104,511,221,947,891,616,1028.425921574767,princetonLocky
184,pkzilncbxzjwrte,2018,14,293,526,899,198,972,1259.5519637935827,montrealNoobCrypt
185,noutplcdbovhnzd,2014,288,20,515,554,1,406,9791.515551006156,paduaCryptoWall
186,uichopxxfsifdjv,2015,179,282,728,354,407,726,6738.388982700047,montrealFlyper
187,catpoqndvnlodts,2021,125,797,741,416,378,754,8468.872244289529,princetonLocky
188,bpccpwzdsmxajwt,2021,353,1,336,109,167,943,3243.29377351518,montrealDMALocker
189,mtrrrvpbyyssgud,2021,23,119,698,563,509,721,6764.837495206044,montrealNoobCrypt
190,fwxbyyvacgpapag,2021,63,35,55,762,638,93,5942.418273085972,montrealCryptXXX
191,tcjswetlkrgxqsx,2013,143,198,500,497,313,430,6031.50120122947,princetonCerber
192,ohiorayffxjmdxb,2020,153,485,900,341,593,654,6825.324595377216,montrealWannaCry
193,ioridywshnqwjsd,2019,145,757,888,942,418,434,5753.591731290986,montrealDMALockerv3
194,pjoyyrsbzffhkyd,2016,225,59,766,383,763,404,4290.62369302666,princetonCerber
195,akgtwossscarrcg,2021,309,837,536,533,681,434,2759.226943805468,montrealNoobCrypt
196,vpnxrwvoqrgymwm,2018,104,161,162,300,477,112,7685.813309132021,princetonLocky
197,jgifibivirvrsfa,2016,104,691,670,139,73,929,2262.724300031862,montrealDMALocker
198,hitfugovqolqkjc,2010,39,206,594,359,141,375,6923.543061544142,montrealCryptXXX
199,tampmwayuuwepge,2010,198,12,915,836,582,59,2333.3282264932664,montrealDMALocker
200,geqjkihdxwljqba,2018,134,490,159,499,262,43,6253.301699544539,montrealCryptXXX
201,pwlthvrnanrcoqf,2020,67,276,188,385,340,207,7470.782671290289,montrealDMALockerv3
202,ahisabyjsywowlt,2018,179,693,60,604,308,780,2187.138889065392,montrealDMALocker
203,vcuhentbsjqdmrd,2013,42,242,915,959,245,296,599.4330086130828,montrealCryptXXX
204,apilqkqhkgmprxg,2022,15,216,817,280,515,118,1309.7374299417409,montrealDMALocker
205,envllfzusbbnmff,2018,111,251,319,637,337,532,6059.969672710255,princetonCerber
206,srtvgnldbsdlhlp,2012,157,811,878,483,575,222,8494.464062257355,montrealSamSam
207,lakvtvoitlgfsbm,2016,289,126,211,909,561,166,449.9682123542437,montrealCryptXXX
208,lvedtsezgfwtrlu,2015,231,994,406,111,76,643,7341.512590416462,montrealDMALockerv3
209,qdcdwnxkyctlgmt,2017,157,217,664,866,880,156,3413.1864595005213,montrealCryptXXX
210,kunkmujjnqnnkcd,2020,38,306,109,139,175,184,4785.283699195225,montrealCryptXXX
211,voivckccfwnuclg,2018,97,797,76,996,109,90,9288.595498455656,montrealCryptoTorLocker2015
212,etccystrvnhftgu,2014,289,185,542,435,183,94,3319.7150473584547,princetonCerber
213,rthzgkqbmgmsvbw,2010,254,39,314,509,192,13,4653.369339394861,montrealGlobe
214,ocfdwicdqhimydy,2012,196,223,998,273,65,973,136.82414760681104,montrealNoobCrypt
215,fztxqajsjhsadlp,2019,86,184,117,99,849,834,815.9872000483837,montrealCryptoLocker
216,dzhjufqmlxnvhax,2021,322,495,927,764,963,805,2585.9159113478404,montrealSamSam
217,qcryqecbofoxmuu,2017,10,427,868,850,474,945,278.52240821074406,montrealCryptXXX
218,cxropypcgheknqw,2020,5,178,704,104,783,742,6313.75326048251,montrealWannaCry
219,dbxwqaqkfkpifsl,2015,123,919,19,214,100,834,4263.983568016225,montrealCryptXXX
220,fhfkinvsfuiallt,2017,330,428,432,761,544,804,5481.45202728022,montrealCryptoTorLocker2015
221,xiznucllaiphoyw,2018,353,294,685,664,864,438,1746.4718589632955,montrealDMALocker
222,rjqmtebcbdynvqq,2013,118,852,740,762,128,538,2959.3202943661613,montrealNoobCrypt
223,ldnpiyizzlyvnty,2010,294,151,350,787,452,587,6638.244748527251,montrealWannaCry
224,zdvhdgneljzmhuf,2010,159,384,183,165,914,968,9653.027236303999,montrealSamSam
225,xcycuhwbfcmjlkm,2019,303,638,113,999,369,876,504.16773602209196,montrealWannaCry
226,bmlxlhghjcetcka,2013,228,813,183,853,851,936,8903.84320855266,montrealGlobe
227,dhevwjguqetfvtn,2021,365,308,481,520,43,811,5768.812013112085,princetonCerber
228,iffhwgcqaxaifkc,2016,216,336,146,284,884,150,5639.195667556237,montrealDMALockerv3
229,umpfxhcpwvheiol,2011,184,946,831,517,419,660,5002.785352077603,montrealDMALockerv3
230,zdjxjvgtpzfdxdp,2012,15,746,628,657,488,8,693.9408590418338,montrealSamSam
231,odnyxlrrqzgxwhj,2010,157,892,113,613,78,29,898.7685173616067,montrealFlyper
232,dcirknfjlnxkthh,2014,136,375,763,164,826,296,6009.120056590861,montrealNoobCrypt
233,ateachgptzckzjy,2010,261,8,476,886,801,986,3409.585714355583,montrealFlyper
234,enhtsasxbcsqope,2017,157,341,763,659,270,926,9172.680665776807,montrealDMALockerv3
235,oycibrpgnbmjjsb,2010,47,129,303,64,674,721,4065.9053735947227,paduaCryptoWall
236,xkicdfmucxwasuu,2020,324,776,971,91,701,640,1432.814587026411,montrealCryptoTorLocker2015
237,ankezbdzifshylv,2010,332,669,825,117,759,340,7147.18833502036,montrealSamSam
238,yxtqoqjkugcdrqk,2011,173,352,118,866,900,628,2933.5342144100982,montrealSamSam
239,efclfukuktrfadw,2011,130,358,813,267,728,439,5254.7030735589315,montrealCryptoLocker
240,vwdexvdldfakgaj,2021,95,517,161,822,315,144,6978.327855051701,montrealCryptoLocker
241,djdlcivoltiwyek,2015,115,495,401,685,925,942,9002.641112020703,princetonCerber
242,bbfkacvfsrjgatc,2016,243,86,198,559,851,830,7921.911948016761,princetonCerber
243,ggyqamcpukinirp,2014,292,175,260,140,902,747,6763.610678727241,montrealCryptoLocker
244,bxjagjwjwwaefhy,2010,282,802,660,246,889,519,6796.331823951436,montrealFlyper
245,lhorudhapkhfiab,2010,299,193,752,661,993,976,9459.246440320865,montrealDMALockerv3
246,iirrpfnyvazmjdx,2012,283,311,47,758,945,45,2958.2409749653602,princetonLocky
247,pejhgvsvqloalhm,2011,69,119,987,395,168,955,11.120941961874076,montrealSamSam
248,abfgwjuvfpbydbo,2014,148,218,399,487,339,239,2719.5455939819867,montrealGlobe
249,khgylpspddxeafo,2021,11,427,710,476,193,952,2178.91379626744,paduaCryptoWall
250,eutmwbxugciesbp,2019,254,970,559,517,453,944,6618.345851139982,montrealSamSam
251,ykbxoejdueaxcpo,2015,330,414,78,977,283,155,6337.115997655291,montrealCryptXXX
252,frzjwpptkvvvhdt,2016,360,114,124,184,336,181,5934.613827047238,montrealNoobCrypt
253,iyhfjrfyajgjsux,2013,38,978,75,20,390,215,162.43443209453702,montrealCryptoTorLocker2015
254,zdszdqtiglugmtr,2016,134,145,871,937,525,88,7287.780544506475,princetonLocky
255,phdhtgnqaabewnf,2020,200,538,137,558,240,256,3235.3041248549152,paduaCryptoWall
256,taihdgyalrgwxdz,2017,23,648,602,524,832,511,6650.559890066311,montrealCryptXXX
257,wtjtybjqyinscnc,2020,303,303,400,582,958,73,5565.784285021533,princetonCerber
258,yblhulwnpnrcimi,2010,346,744,837,529,483,931,3427.309254279072,paduaCryptoWall
259,linmjthbqsfspxo,2015,302,881,505,883,659,179,1345.7626710410775,montrealFlyper
260,xceqoblrfsezhwz,2017,363,588,500,147,716,212,944.1889766048095,montrealCryptoLocker
261,rrdiilvrgzgxnmv,2014,218,987,573,666,592,805,8315.183331122236,montrealSamSam
262,kzgncbaekvfukse,2013,141,840,138,304,891,234,9183.97542081558,paduaCryptoWall
263,uyplbhsibqjrdpt,2011,104,345,50,620,555,465,6497.880467642995,montrealNoobCrypt
264,evagjgpirubmocc,2015,210,814,771,748,458,751,1034.3411486048337,montrealWannaCry
265,cduquxtmhysstwu,2015,111,964,973,820,89,223,4020.272168882407,montrealGlobe
266,bbbzcoqkcydjzxg,2020,104,801,619,864,660,631,7289.392001051572,princetonCerber
267,xcospduoudzxhik,2010,316,1,625,582,95,825,7798.208840100681,montrealDMALocker
268,nwqlximmmdfuajw,2018,171,147,862,695,452,264,1182.186222910886,montrealCryptoTorLocker2015
269,bcwdniqjpifanpw,2021,356,287,254,762,428,207,0.3071884538241587,montrealFlyper
270,bkkwvepowzghgif,2020,324,976,630,228,151,607,7121.37045880605,montrealCryptoTorLocker2015
271,ccnnsjvoajwcnhl,2015,133,654,710,102,514,885,3565.961759862056,paduaCryptoWall
272,hncdnbiyjpwxaay,2022,293,53,849,587,376,734,2544.8133161826026,montrealWannaCry
273,iktwffefjkclond,2012,328,304,877,417,22,366,128.9746978952544,montrealSamSam
274,vbbixqetxogbvos,2013,127,69,563,958,883,276,5402.994067614997,montrealDMALocker
275,rpelzjhrbxafkwt,2021,106,361,757,216,313,380,8511.507354259817,montrealFlyper
276,giajqrmpkpytxmo,2020,92,602,915,407,997,743,9576.31646272588,montrealCryptXXX
277,guynjicrhsxcgbe,2013,287,958,426,399,840,309,5657.449506132893,princetonLocky
278,ngtwccacdmnqmfl,2012,51,220,547,923,519,631,5144.613277398942,montrealSamSam
279,flyxnsirmszrqjz,2019,29,962,302,715,206,268,850.5638548924111,montrealCryptXXX
280,iazcqltyyzidutv,2012,296,704,922,704,952,945,5488.728015425998,princetonLocky
281,nfphlakwsisdntn,2012,297,966,581,761,375,785,3799.7907896539464,montrealWannaCry
282,erqeeapsmvxiyhl,2013,214,575,349,499,451,64,6071.352808835769,princetonLocky
283,nijbnzstqcbwhqn,2016,267,585,832,754,626,810,3887.263478765467,montrealGlobe
284,tgbuompmtuawcnx,2013,257,161,933,465,784,350,2402.9912345036673,montrealSamSam
285,suatbbycungczxo,2018,302,681,980,691,595,925,949.652752283765,montrealFlyper
286,vbafgdlqnoskdyq,2010,101,89,49,949,179,915,3149.1844458889573,montrealGlobe
287,zfhbatruitmwfjd,2017,346,688,917,974,210,494,966.4483428775228,montrealNoobCrypt
288,nidxqmzemvlanzb,2016,110,781,74,731,500,523,1768.9695082398393,paduaCryptoWall
289,ughdxenjwpzwois,2011,182,585,704,82,464,98,9873.36158579546,montrealCryptXXX
290,zycsxtrefruidgw,2017,313,757,261,604,840,946,4441.035569066186,montrealNoobCrypt
291,pscjyohtpcquyzt,2010,1,589,356,947,124,71,5318.717665050165,montrealCryptXXX
292,qotqhymqoiaalog,2020,319,159,582,687,993,364,8736.185287372153,montrealFlyper
293,qiildzsdejdsfxz,2021,55,489,602,751,113,570,9955.689004906879,paduaCryptoWall
294,edqeivozuytusiv,2018,149,971,260,772,12,802,5827.144493446815,montrealDMALockerv3
295,gbxgrgbohfymydr,2018,309,324,638,903,126,763,8124.738210441717,princetonLocky
296,hvldruzmqhtohkg,2011,137,610,743,365,565,276,3269.4102433667526,montrealWannaCry
297,phprhktbhuleqdc,2016,202,381,295,163,331,50,3057.439574472911,montrealDMALockerv3
298,katogaymlumpvyt,2019,313,102,931,48,901,358,4027.037209945602,montrealDMALockerv3
299,gyszkglyzdtpygl,2012,117,494,641,511,283,728,6725.072626736492,montrealCryptoTorLocker2015
300,fflyohstfdvtnvi,2016,154,644,792,329,140,906,6821.9168925509875,montrealCryptoLocker
301,umjrrhkzuvanznb,2021,291,614,313,840,401,928,3152.394346494508,montrealSamSam
302,ltoqdvenisnsxrk,2019,63,19,612,116,902,564,1332.0992413662868,montrealNoobCrypt
303,xyqhxhrxomtfthy,2018,244,454,838,941,97,783,6323.962564655086,montrealNoobCrypt
304,tifqaqlyphbpobv,2013,25,482,809,849,517,485,1283.2586218876452,montrealNoobCrypt
305,plzrfztxvrqrmwp,2021,90,594,182,337,569,84,5784.925082293301,montrealGlobe
306,ugcqeopiuzvqvha,2010,75,397,686,881,924,899,6934.22128056309,montrealFlyper
307,upwendamoqflnjr,2011,294,279,828,737,846,805,7006.114963944517,montrealNoobCrypt
308,pljzvuigptlgwax,2010,210,851,364,864,69,638,7534.721106595967,montrealFlyper
309,cubuzhqowoaftlt,2021,347,365,188,840,118,808,8728.594215656645,montrealSamSam
310,yiytxiwoqsavzwi,2014,17,331,569,147,888,584,4999.589919647884,montrealDMALockerv3
311,nolhrvbdkeqolam,2014,128,641,543,575,59,296,7302.491895295711,montrealSamSam
312,xlsgdqtphtmleni,2020,364,344,596,806,33,236,6191.727353658367,montrealNoobCrypt
313,xhmwiitdacuxoar,2016,251,822,664,323,318,56,1866.3993979768256,montrealCryptoLocker
314,lbspdebvrspdsts,2018,179,455,985,443,50,919,256.8964486940817,princetonCerber
315,rgmirkuvqxiqmnf,2018,182,601,548,837,880,360,2845.4138567693376,paduaCryptoWall
316,dngngmxknekloou,2012,152,725,725,13,489,907,4430.337063376194,montrealNoobCrypt
317,bnzykerbprzvmwe,2012,25,655,926,943,19,110,6171.059444286563,montrealWannaCry
318,dwwldshetvpcyjv,2012,180,65,408,494,726,192,8499.593305032055,princetonCerber
319,hefhzduvqwulbzi,2013,198,76,876,701,197,904,1962.4571670616565,montrealSamSam
320,uttuztxjqeucoed,2017,344,711,618,287,891,93,1255.497898984771,montrealWannaCry
321,cvatrskqivdymko,2015,161,143,414,720,450,862,9634.799474743275,montrealWannaCry
322,sadhopwxjajbgdq,2017,177,917,342,114,990,568,1080.4455937640712,montrealCryptXXX
323,pyvhxbiepvpoata,2010,285,915,220,480,559,60,4784.910701071892,montrealWannaCry
324,bgzzfokaoigfevl,2017,63,828,903,22,679,650,5855.637287933018,montrealNoobCrypt
325,udcbedseqxqqqnh,2013,150,605,163,349,452,39,5413.7442090743825,montrealCryptXXX
326,hzhtwbauadosdju,2020,154,473,951,726,289,540,860.321570329432,montrealCryptoTorLocker2015
327,mqellvhqfnhugjt,2010,156,417,220,683,141,49,570.2691400361937,montrealDMALockerv3
328,gxxoryspvgwwcoo,2017,49,305,270,835,84,420,1054.8342746103567,montrealWannaCry
329,ufqplttulkgyqsx,2013,337,736,632,566,694,637,5855.876838726125,montrealCryptoLocker
330,ukwuapatydjnfyl,2015,84,497,906,906,391,13,5443.448876343211,montrealDMALocker
331,yfgrvvhbagmstbm,2017,361,291,848,810,591,992,2337.4079203674423,paduaCryptoWall
332,jrlqfahourstgbn,2013,177,940,400,320,215,36,6377.741418455916,montrealWannaCry
333,gatxyzuezrhvflf,2012,148,102,182,126,526,101,8200.675020556493,montrealFlyper
334,xnkcvbwmufrvshq,2018,118,986,991,277,215,794,415.7895984659377,montrealCryptoTorLocker2015
335,fogbgmkemourigw,2012,342,267,618,976,403,86,4981.299435480424,princetonLocky
336,lnbyjplsbexxrfd,2018,63,867,729,204,128,516,6893.104121026903,montrealFlyper
337,tfrhtunutbxyvpf,2022,189,968,205,194,822,223,2523.119270696871,montrealSamSam
338,ozopfgajomopoto,2011,360,622,582,681,477,338,3077.709052931491,montrealDMALocker
339,wmkhojxkbqwzzji,2011,49,974,556,664,760,960,6136.379029893838,montrealSamSam
340,gosmkvqbcvhbsgy,2011,327,842,841,547,404,166,8979.35293443737,montrealCryptoTorLocker2015
341,zhbjlqyuzbaezqa,2015,257,962,813,696,29,383,8099.244203028993,princetonLocky
342,wozkyxemriwyawu,2012,224,942,228,286,792,856,5831.302190995835,montrealSamSam
343,wayvruhhjarwijx,2022,141,777,696,57,338,895,7302.217177572492,montrealSamSam
344,xvnbsnyiqkpvzyr,2018,215,3,619,734,831,376,3648.224702077987,montrealSamSam
345,yuconqoqoeazroe,2013,211,85,596,303,714,471,6409.6552809875775,montrealCryptoTorLocker2015
346,tkgppoishmileaz,2010,318,794,850,163,361,790,4661.815911275569,montrealDMALocker
347,scqdgdbshjwcgvi,2013,32,328,250,19,569,642,1899.361364575609,montrealDMALockerv3
348,guinxefxrjlitjt,2010,158,816,875,370,392,31,7017.382738772571,paduaCryptoWall
349,aeuerxgfuyminic,2014,285,450,441,264,218,375,5564.64637348822,montrealCryptoTorLocker2015
350,sfsbdqupjrjkona,2013,305,454,533,794,574,11,3586.215819535914,princetonLocky
351,rjkqnvloozivcai,2017,286,924,196,113,669,988,9113.391900786308,montrealWannaCry
352,xizcftshlnfgnwj,2017,144,629,690,488,202,302,209.34117826733268,montrealDMALockerv3
353,wfjfacefmojbyig,2016,19,221,929,327,17,96,3157.73151249496,montrealGlobe
354,wybqzsxoxdthvqu,2012,18,154,987,542,322,190,568.8139777764655,montrealDMALockerv3
355,lwiwtkejgtlcoay,2010,257,665,519,647,518,453,7665.273162216272,montrealWannaCry
356,ditjphawtxohwrg,2010,78,12,70,579,570,192,7021.074541137926,montrealCryptoLocker
357,qltxtdyalmuaekl,2021,175,133,639,65,325,486,3313.5221873631704,montrealCryptXXX
358,aigouxyfsibhnqb,2020,194,994,399,292,412,266,6756.629022070731,paduaCryptoWall
359,epdcgjmhizrjtat,2012,113,304,978,25,318,424,3959.3722619594982,paduaCryptoWall
360,akquuwsypzspeml,2015,114,293,672,549,681,128,7562.537914224343,montrealCryptoLocker
361,fowviggrqnqbdcq,2016,222,975,760,1,965,238,4541.836627367061,montrealCryptXXX
362,lajglsfwkpzkxpo,2015,166,300,203,911,82,920,4122.797278316655,paduaCryptoWall
363,ywmrgwcwtcrupbx,2015,319,740,148,549,474,355,9347.29915488301,princetonLocky
364,vitkctzprfgsrsg,2015,132,783,472,141,468,940,2508.790998907002,princetonCerber
365,pturawhpxvqkyfc,2022,264,43,655,744,425,112,1204.4733999656544,princetonCerber
366,gjfgavknkjnwoux,2012,55,944,944,648,945,828,5845.431132594582,paduaCryptoWall
367,ycjuubqgkherzam,2015,359,343,199,901,731,446,9693.218122841788,montrealGlobe
368,qkeafcbyxkdoiqi,2017,131,326,917,188,689,343,3778.3921372718664,montrealNoobCrypt
369,jjnjsozrhonwpnd,2020,288,814,426,128,204,145,620.3676362878152,paduaCryptoWall
370,gccvjmocctblhks,2020,266,498,666,201,583,65,3393.0526730956744,montrealWannaCry
371,bjbsybbtxzcpvwd,2011,162,364,492,127,387,247,5059.316543195584,montrealWannaCry
372,qrvljuzauxrqhum,2014,87,891,888,257,778,735,1619.230066322137,montrealGlobe
373,gufttekrsxupuze,2010,55,427,896,676,98,991,6581.022180564921,montrealFlyper
374,dyiwodoswieouqp,2021,288,21,142,547,345,490,9977.493890102007,montrealCryptXXX
375,zpvcmbetlwwkdpk,2010,178,407,313,194,803,825,4517.394759814438,montrealSamSam
376,vecvkbjjhpedcdz,2014,349,619,165,703,208,439,3547.2855673021263,montrealDMALockerv3
377,cuwlnddvwiiovpm,2021,8,336,314,104,514,106,4007.0416683446665,princetonLocky
378,uuansmofzlmolcj,2022,321,815,21,535,636,181,1151.4617839520113,montrealCryptoLocker
379,bmfofeyibdfdtyk,2012,313,117,82,265,792,184,8832.736014262238,montrealDMALocker
380,qtskbyrnlkdfsgm,2013,247,124,581,802,586,226,4148.25655521352,paduaCryptoWall
381,swktnmhgzlpgqcx,2012,323,399,131,942,166,777,3872.744114248413,montrealSamSam
382,opfqbluklliezbv,2010,255,793,599,974,22,790,6596.902729304743,montrealSamSam
383,xcphydxdyvidtye,2010,328,804,730,384,154,909,4420.334209311235,princetonLocky
384,mjkgxnvggrvyvxy,2021,54,715,933,260,939,89,6482.33468807846,montrealCryptoLocker
385,pyydqppubrrtaxj,2021,249,51,984,414,439,688,614.4629013078751,montrealGlobe
386,uizccjixpznsxml,2022,239,783,305,991,295,530,8137.233437222274,montrealWannaCry
387,psuzkrgljznhzna,2014,229,324,915,358,219,371,9405.039528794026,montrealCryptoTorLocker2015
388,rvoazjijuncvwul,2015,67,789,371,75,669,972,6487.65386159386,princetonLocky
389,irnquszddnfehqi,2012,51,141,857,355,495,936,9545.659288588107,montrealSamSam
390,hpzccmgzycpramn,2021,97,470,853,584,230,913,1514.323143699633,princetonCerber
391,hskaspqmhdbrikq,2018,92,787,384,771,20,399,4774.161894803537,paduaCryptoWall
392,xxybnirazzavtrz,2014,264,802,908,910,987,106,6018.067339454473,montrealCryptXXX
393,mrurigdxbpnbzbl,2017,291,334,445,188,553,271,5817.366474211867,princetonCerber
394,pxxwovdsmhtlqar,2022,96,893,425,973,950,975,4014.6177908904324,montrealSamSam
395,bibgjtrrzhffohp,2010,88,964,161,685,148,831,3380.844093662614,montrealDMALockerv3
396,hjuepqkthcwdaiw,2014,78,373,178,992,108,503,1268.240225504188,montrealDMALocker
397,xaznqiihqeumtrg,2012,288,564,629,290,403,679,3917.424505622782,montrealNoobCrypt
398,mpzdlkppffssqft,2021,120,494,708,45,596,525,1626.6081510548513,montrealCryptoLocker
399,lvngotpzfcjgybl,2010,302,539,895,573,483,849,7343.656764922184,montrealFlyper
400,phlswrsjrrcljcg,2013,165,669,490,83,367,32,2088.3093549459,montrealWannaCry
401,xvnizerbntamazw,2022,182,751,327,123,834,393,585.6530528453385,paduaCryptoWall
402,isubcxmyzlhqkka,2014,223,156,598,358,414,40,5523.661378172344,montrealCryptXXX
403,vwiqrznmonjjsaj,2016,311,291,289,528,309,660,5952.297327194016,montrealCryptoTorLocker2015
404,textelnnwwyumfk,2010,7,648,593,66,802,218,8719.130612805055,montrealWannaCry
405,envsdaedrtnhttu,2012,330,144,664,936,918,731,5769.816124176818,paduaCryptoWall
406,qncqnmasplqryzc,2011,263,106,573,657,835,981,3454.808537234457,montrealCryptoTorLocker2015
407,bsjvuveeokudveu,2018,161,420,573,375,134,82,8030.118815263205,montrealCryptXXX
408,esrhhzbhrqsunmt,2019,151,670,354,162,719,845,5402.788931874211,montrealSamSam
409,rdfbunlynhnpsaz,2015,85,658,28,746,283,720,792.8028463119174,montrealNoobCrypt
410,weiduyreshmfkjj,2019,147,2,954,380,778,201,5658.505603132467,montrealGlobe
411,uojszkhohthzofk,2012,112,945,43,656,73,447,9080.185454216624,princetonCerber
412,hzxevuqlpktobvc,2017,36,589,681,358,481,844,3963.1262549822054,montrealGlobe
413,hqqnrsbkbvugxlt,2017,285,644,423,188,352,428,2963.258018998001,princetonCerber
414,qduvvigbbwkbtur,2011,188,90,598,322,560,38,1434.6945701802006,montrealSamSam
415,gcutruwnungoeyx,2015,82,345,177,450,326,211,1514.4552193535733,montrealWannaCry
416,bcxbohqamdyneov,2016,2,350,529,474,745,444,4327.714843418189,montrealDMALocker
417,cbvztmjvpakaanj,2011,303,459,610,13,443,327,5956.798241615295,montrealSamSam
418,ojtazvkxxrbgutz,2020,197,263,966,184,100,761,806.1540516960175,montrealSamSam
419,jrxppwkqibhkmnf,2019,11,351,494,111,59,227,9395.685890251658,montrealFlyper
420,zjmfucigibagqnn,2011,234,108,198,927,508,48,7551.336174451959,paduaCryptoWall
421,iiadffewwlvxpkn,2019,195,586,610,508,258,18,5866.239182836627,montrealDMALocker
422,fdkapicpnhutdfe,2010,119,39,577,290,413,912,8284.386709389908,montrealFlyper
423,uctqfxgjhhwivht,2017,20,909,842,295,452,439,801.8675681211329,montrealFlyper
424,jgrxbzudessdoua,2010,261,159,853,451,65,807,4768.388777331244,paduaCryptoWall
425,hjnjjpmaamufjej,2018,293,583,517,904,595,708,6300.931268616634,montrealGlobe
426,ladhfkokilaxxyp,2020,256,959,514,215,154,187,8286.529061182893,montrealCryptXXX
427,nmiqvrcjdegcocq,2015,222,312,22,974,985,345,7834.695600492677,montrealNoobCrypt
428,bmsnpdqhxxqtvig,2016,226,241,112,632,266,224,2770.6924971339963,montrealFlyper
429,rsodqkgjlkeohkg,2022,53,938,57,894,821,830,9408.801695592043,paduaCryptoWall
430,saroniqkoxjfdro,2019,355,445,66,567,79,488,1243.4584143087036,montrealCryptXXX
431,wzppccdblmhaztm,2016,342,298,842,27,315,909,8751.336186211522,montrealDMALockerv3
432,icvodmxrzsglxgl,2019,364,952,98,630,662,877,9709.402496046185,montrealSamSam
433,jbjplzfexgltdlb,2012,280,36,144,733,947,849,1771.5352322262556,montrealSamSam
434,xxawegnyzxmfwfo,2011,81,84,880,231,560,229,7220.660642037853,montrealWannaCry
435,rmtgycrcpiuvmia,2018,202,452,435,565,917,390,402.85518777998465,montrealFlyper
436,dvrkgtkwyuckwqr,2017,158,886,637,807,891,979,4054.2282513915497,montrealDMALockerv3
437,uogvuuqyycpygbt,2022,120,775,679,321,248,589,5162.83299197674,montrealWannaCry
438,zsoyfkvsufbrved,2021,59,822,86,913,790,188,5806.452259096341,montrealFlyper
439,wenvpiuzjtnosan,2019,215,385,588,233,868,858,9359.372482485594,montrealCryptoTorLocker2015
440,udochiunhxvluik,2016,128,172,344,670,610,270,6722.506872941947,montrealCryptXXX
441,woieaxqoxduedpb,2018,224,376,936,437,414,607,4812.77951219237,montrealGlobe
442,iwlelgfcbbwmvrw,2013,209,685,294,781,25,310,8096.750362658893,montrealCryptXXX
443,iqujhxecwshutky,2022,115,362,956,533,284,132,9505.32820954409,montrealDMALocker
444,zzjirigmltnhhtf,2013,209,559,571,403,449,551,220.66148682290842,montrealSamSam
445,wocrnsudfvjtlsn,2010,14,891,650,53,881,72,9825.212722560387,princetonLocky
446,ncidjhposivwdrd,2017,9,141,611,787,301,793,861.3213906368034,montrealGlobe
447,setzwjktaassfef,2021,40,887,704,313,68,845,8143.8677926876135,montrealCryptoTorLocker2015
448,zqnufmkrurgqnae,2012,237,918,243,281,7,672,2803.3475255141248,montrealCryptXXX
449,uebygoehpzcbeqg,2016,281,118,831,726,817,187,1321.7965775387174,paduaCryptoWall
450,ujinxyahhbbialc,2021,359,277,561,31,137,486,4398.556397138349,montrealSamSam
451,yflrkbnkernbcqq,2011,201,726,960,337,164,191,6439.565794476135,montrealWannaCry
452,zrbtlkzpzofgcqm,2011,246,220,32,183,83,422,3809.51845023475,montrealDMALockerv3
453,xmcvbzdwtkkozko,2016,278,905,391,23,897,120,545.6540828269896,montrealWannaCry
454,qevycautftfgfyf,2015,235,26,277,544,650,220,5994.611396587166,montrealFlyper
455,mrzwmykltahugmc,2012,4,521,532,446,420,53,9024.032761106748,princetonCerber
456,ktggbkjquylvfmg,2018,154,783,154,74,73,734,3832.153659472517,princetonLocky
457,zsudkvkurusifub,2019,29,10,383,10,237,451,2163.32777630827,montrealCryptXXX
458,ugdtrytomzwphqn,2022,109,984,68,484,46,412,4425.773459328154,montrealNoobCrypt
459,mjjlneyndjxneja,2015,98,378,878,456,618,643,483.6271104878087,montrealCryptoLocker
460,eprsozfywaemctx,2019,215,633,884,566,928,237,8204.875844802747,princetonLocky
461,ftdrxahcyzswedi,2019,293,637,214,564,800,758,8263.408109501868,montrealDMALocker
462,djikwvyromvvvum,2015,75,682,655,660,262,738,5880.004634296284,montrealFlyper
463,qkpwerktqwfmzyr,2010,326,584,376,160,176,720,3531.0288893838947,montrealSamSam
464,vcdwxxtmspukxsh,2013,146,152,744,882,166,406,7997.8336444578335,montrealGlobe
465,drothuedxrneqlh,2019,128,720,213,14,657,608,5546.870247883672,montrealCryptXXX
466,ykewcxkzupvlamp,2015,341,49,79,178,842,422,8259.323085500162,montrealDMALockerv3
467,ujgwzjbmoyoppty,2015,42,154,726,412,370,712,6314.587925830207,montrealGlobe
468,zqbptmdpadabylw,2020,356,859,628,878,795,247,7844.054732127973,montrealCryptXXX
469,obvuxypzyehhpmm,2021,41,293,604,53,54,72,5985.6299321776,montrealGlobe
470,jdtrvpoirrnpiwj,2014,34,580,782,408,690,830,4141.410682156662,montrealGlobe
471,jcwsgmyofgngdkv,2010,17,50,923,847,419,185,9579.458599261376,montrealCryptoLocker
472,twarwltfhorawpn,2017,165,664,381,22,756,6,5411.1382487884475,montrealDMALocker
473,zacutkhboftzkdm,2014,153,531,680,30,507,206,6050.895185405384,montrealDMALockerv3
474,arabpfnacxiyhjy,2021,76,612,58,703,341,544,2204.8763941474926,montrealWannaCry
475,pwuuoqhcsleabqb,2021,87,60,796,260,127,611,6256.507894272765,montrealGlobe
476,cmsvfmwmladfdqy,2021,117,167,26,205,409,906,5716.076494829438,montrealDMALockerv3
477,rylaxwcawsppnvs,2014,362,202,881,59,924,387,1848.3839794702494,montrealDMALocker
478,sjtwfdekaavcdyi,2016,342,857,447,471,367,768,595.8709735314371,montrealGlobe
479,peathiuclbsekuw,2013,27,146,66,776,271,699,6043.593197147711,princetonLocky
480,yilhihswybgguce,2015,313,915,921,466,644,76,7636.922693503206,montrealWannaCry
481,hohgxyveqochcch,2022,287,676,760,12,605,177,5234.013709220082,montrealCryptXXX
482,qbbihnhgkuakkol,2013,134,970,254,631,379,827,2267.726253196457,montrealSamSam
483,fqydxkhfagpxisu,2012,219,993,899,927,73,799,6665.21976693035,montrealCryptoTorLocker2015
484,smizfrmghqfemdd,2016,168,439,968,974,923,349,801.0572660960224,montrealFlyper
485,mtmtqbehmayiixm,2017,98,242,44,290,922,255,4418.337048019546,montrealFlyper
486,gvfsnwcuqugrkvw,2013,268,581,97,850,915,837,1633.6675839842019,montrealSamSam
487,nbwntsumdjuyiaz,2022,237,687,554,760,248,702,1844.5905105988336,montrealCryptXXX
488,zuylcejpwolvoho,2011,309,561,227,354,860,308,2022.9394915820365,montrealCryptoLocker
489,ppvymmpvikyubds,2021,173,483,774,639,785,345,3867.0705704397787,montrealFlyper
490,dpqwchqgtliovih,2019,190,108,679,75,43,127,511.5020562039763,montrealCryptoTorLocker2015
491,nyuuxouzsugxqxw,2012,122,226,436,873,377,937,3977.934409290982,montrealFlyper
492,sqbmzviwajrrubb,2010,46,673,791,716,41,287,5117.074471147009,montrealCryptXXX
493,zztreydejiaijda,2017,64,631,601,561,170,766,4832.942849663252,montrealNoobCrypt
494,byslrxltkshedlx,2012,130,661,379,591,946,725,3827.8410040304057,princetonLocky
495,invynmxhsymmzbk,2021,310,977,178,441,212,762,8391.466080707525,montrealNoobCrypt
496,djhwzxxfsnsufhg,2019,363,662,427,991,493,596,1453.266924205041,montrealFlyper
497,jwkuusphfesiwol,2016,193,432,915,241,680,487,5056.96743781374,montrealWannaCry
498,fpklsgzztcqfhao,2019,307,805,709,861,39,383,620.4141695655429,princetonCerber
499,xfwcbdtzwbmrzrt,2014,181,655,307,154,369,406,711.5567887790975,montrealCryptXXX
500,oanzidealvlsimy,2019,292,419,779,786,757,388,5738.658496770963,paduaCryptoWall
501,ebhxxkqkzzilqmb,2014,282,988,504,96,151,525,5660.1842488782095,paduaCryptoWall
502,knwhmlhzmiifdjk,2016,29,455,268,726,111,557,8780.335128444569,montrealGlobe
503,swlazigdirjrijf,2018,149,160,586,294,480,639,5578.7367566007315,montrealDMALockerv3
504,zfciirmhmhhemdh,2021,267,523,8,209,436,938,9597.910204048501,montrealSamSam
505,vunnxtsgxnxwupz,2014,296,650,920,343,47,626,486.9484839992977,montrealGlobe
506,wjxfeassjdcccls,2010,11,969,508,88,575,945,980.0768478074107,montrealSamSam
507,pqybnqxcechxfak,2019,164,590,476,818,737,276,440.65861570381395,montrealDMALocker
508,simowcktbgkfquq,2019,113,77,297,776,366,500,1852.7685033354003,montrealSamSam
509,hnyrbulgqddnklj,2010,187,509,164,937,69,717,5412.701109416781,montrealNoobCrypt
510,zeruziqimcbmubv,2011,295,441,485,390,299,337,6455.72181427428,princetonLocky
511,nvvkonajfwignos,2015,232,254,597,325,944,950,455.85157948668797,montrealCryptXXX
512,asimnutxvyygquj,2018,227,921,72,940,802,932,9459.708898455992,montrealCryptoLocker
513,rkciicppzogptkk,2017,310,770,567,889,296,481,8421.65376650381,montrealDMALockerv3
514,dbqwsiubgdtqide,2022,98,320,905,832,203,897,2966.124821570931,montrealWannaCry
515,wabtijxsfsmqedm,2014,55,803,559,157,61,911,771.8753022646796,montrealCryptoTorLocker2015
516,ufulypwstxyyzkf,2010,111,263,911,668,946,973,1698.8707321905727,montrealWannaCry
517,dajqlibzjtwikva,2022,152,597,944,651,963,273,1269.4441375497267,montrealCryptXXX
518,awzbwnfaxqktkpl,2016,246,658,238,633,830,920,1232.8377929894684,princetonCerber
519,gvieboetpoqbvac,2014,69,835,104,577,314,58,5185.616886657339,montrealSamSam
520,rxzmaesgatuchuw,2015,312,554,210,619,161,328,2458.474424934003,montrealDMALocker
521,mglzdbxdmpodmrw,2022,289,374,554,659,331,731,3581.3971652914443,montrealCryptoTorLocker2015
522,xysicyfbrsbyfsq,2016,250,637,828,137,528,109,9895.053333843225,montrealNoobCrypt
523,rsautplblfempvw,2012,36,167,468,923,338,279,6843.142489253448,montrealCryptXXX
524,hacyzitxidddsno,2021,239,937,454,674,606,686,9489.806670470014,montrealGlobe
525,fyhkojqdruyyasq,2019,148,753,268,428,304,328,1425.565550331156,princetonCerber
526,sfnltopdxuytysj,2012,227,459,386,452,503,776,3821.3947483256925,montrealNoobCrypt
527,eqtgskwdluqcidr,2014,244,999,775,612,650,315,5547.318032823543,princetonCerber
528,axbvocbymbwoxcr,2015,337,280,848,850,338,474,767.5806188873802,montrealSamSam
529,cecrdqksghvvarn,2018,365,700,387,911,550,111,41.87443627957865,montrealFlyper
530,vmwrlmhlykrksac,2022,201,302,877,819,639,699,6704.343337969175,montrealNoobCrypt
531,ajcehamrbtictly,2021,154,531,259,141,275,781,6418.195168014354,princetonLocky
532,hftkybvoeaiboqs,2014,73,580,283,83,164,935,4107.8880999961175,paduaCryptoWall
533,bklhemcheshbnya,2010,201,218,626,177,443,229,4896.440760320326,montrealWannaCry
534,xwmepfglmnixloe,2013,296,102,875,198,319,497,4154.430005920896,princetonLocky
535,nvupubffuaslmhf,2014,17,554,40,624,589,156,240.05044844888857,montrealCryptoTorLocker2015
536,cpfraqfkybersvb,2021,129,288,486,568,504,473,3353.7160621746243,montrealDMALockerv3
537,wuxsthtmzgyezld,2019,217,167,929,972,686,701,1770.8225539728983,montrealFlyper
538,xytsddyxpqqgqhm,2019,61,621,220,691,387,272,984.2418910136875,paduaCryptoWall
539,tuyefdjzpxhnkpq,2014,104,36,129,421,970,887,9567.204338893498,princetonLocky
540,mldotesianxscfi,2016,42,744,520,401,870,2,5993.597250421656,montrealCryptXXX
541,mjhujkeemnuppbm,2013,25,741,613,698,833,758,7286.562842366026,princetonCerber
542,wdiprifxlaenacw,2010,39,353,928,471,888,722,3153.637432661175,montrealCryptoTorLocker2015
543,pkomxrzjofbvqoq,2014,291,676,892,218,603,511,3931.471294940152,montrealGlobe
544,obllaxjmusoryrk,2016,131,899,688,925,750,913,2369.2399389672346,montrealCryptXXX
545,rxkrnwtyvprsvuv,2019,229,73,619,929,776,286,969.6567096542475,paduaCryptoWall
546,vshmugmmeimyrsi,2019,108,648,613,828,691,871,1790.3163744158378,montrealDMALocker
547,umqhnkpgmahhusm,2015,172,353,260,987,494,13,7975.140452964858,princetonCerber
548,stpgpnqplcrrlju,2014,102,891,990,729,490,608,6775.458051837758,montrealCryptoTorLocker2015
549,iuqmhwgqnldmopq,2013,354,70,966,632,721,498,5469.288759854769,montrealDMALockerv3
550,soqopthtmmuvjyy,2011,12,425,366,951,73,733,4750.898728667681,paduaCryptoWall
551,jttswtogcmelmgj,2013,275,999,758,906,509,238,9224.342836561245,montrealCryptoTorLocker2015
552,hvcjevpgcnmpmhv,2019,101,708,787,175,390,94,727.349477786684,princetonLocky
553,xxqnmjdkiektybx,2019,44,781,544,23,619,338,2806.0081323791596,montrealGlobe
554,czhmaoygkqwyvun,2012,305,561,649,725,857,781,3499.3785357071406,montrealCryptoTorLocker2015
555,sdtjhcswgndcivs,2019,17,828,524,917,295,171,7824.258122127879,montrealGlobe
556,zyptpnhoyaeslmt,2010,330,642,907,235,369,981,9925.146201619713,paduaCryptoWall
557,lwkqkdwnrurgwpi,2017,57,956,814,13,956,606,2406.7051475715307,montrealFlyper
558,dokzhrixuuoimvr,2014,311,517,887,101,796,661,8743.073341370806,montrealSamSam
559,lmbkinlcqjhksqw,2022,303,428,16,929,865,624,8306.227604317914,montrealFlyper
560,btynjnfgsxoxtbm,2013,12,539,129,536,694,567,2246.573976417666,princetonLocky
561,ikspacikfedzdcc,2017,318,160,575,876,549,849,3993.325801992226,montrealCryptXXX
562,vtjhkvgtagehykf,2016,80,149,109,523,649,936,4096.728692925191,paduaCryptoWall
563,drepkzfhgelnxeq,2011,216,776,887,785,850,467,9782.206685265583,montrealSamSam
564,mktthhscexbdjah,2010,339,230,533,452,568,628,1808.9190137889832,montrealCryptoLocker
565,qlsvxuxhtvmiajt,2021,264,712,670,431,187,143,7991.579711047821,montrealDMALockerv3
566,vaorwrmqgdmwimu,2020,149,562,269,793,853,201,3341.9271417310993,montrealSamSam
567,ksjtwgedpfxbxgt,2013,81,67,162,606,770,180,7308.703457761604,montrealCryptoLocker
568,kramheeikbzbcsi,2017,215,812,260,713,445,714,4200.110042956629,montrealDMALocker
569,daloypkfmkxviji,2021,198,381,924,533,570,364,5783.5976311654,montrealDMALocker
570,eysompwyrillool,2011,200,58,102,852,363,479,8326.117733261312,montrealWannaCry
571,rsfmjowznxbbjkh,2012,25,259,506,979,123,565,8041.655649838842,princetonCerber
572,schvpswdpntyhhg,2021,89,342,735,723,188,471,8664.231835397002,montrealSamSam
573,sqvlgnyleesrhej,2010,268,838,571,652,742,384,596.1732534465903,montrealNoobCrypt
574,ngjiveckefxqold,2010,143,130,247,293,680,692,6920.505530397449,montrealDMALockerv3
575,gdrmxqzdgiytkju,2022,59,727,640,810,420,926,1399.8737672176287,montrealSamSam
576,ikziapvlchtslva,2012,365,172,795,913,626,417,4158.1856801841095,montrealCryptoLocker
577,iqhvkgmwznglxsy,2020,26,770,837,101,252,825,5485.8841505468845,montrealNoobCrypt
578,loypqgmtizlhnlm,2014,47,614,537,502,619,308,4027.3948474683075,montrealDMALockerv3
579,vixhxafypzcacke,2021,288,209,131,304,549,649,5196.116758030075,montrealNoobCrypt
580,rlukkayyrxzrxhk,2012,266,803,353,871,335,694,9965.263087986192,princetonLocky
581,elwzgszjgegubqb,2010,16,354,196,540,92,367,1352.1731371285473,montrealCryptoLocker
582,ncxvlnmhflhzdkj,2010,199,471,793,553,530,1,6754.560453364255,montrealDMALocker
583,xybiqbufwegtycb,2017,282,798,916,355,866,44,3960.009663856152,montrealCryptoTorLocker2015
584,ashgqmksaxaubtz,2019,86,116,930,303,63,739,1330.0979890732879,princetonLocky
585,dzhlaneptjvpfsq,2020,250,264,666,496,662,843,1587.3676337430952,montrealDMALockerv3
586,xlfkenrgqamfati,2021,270,662,382,658,512,98,9492.731062456169,montrealDMALockerv3
587,udfccxonqoaxlen,2022,335,812,645,768,139,720,8796.01496711762,paduaCryptoWall
588,iocffqrhlqneefp,2022,117,442,227,974,698,265,9070.419604150218,montrealCryptoLocker
589,uaycatircmbgfnc,2021,7,548,701,227,185,800,9915.327758273865,montrealWannaCry
590,wjifsddsvfsasny,2011,137,453,476,236,205,783,2083.1539000851794,montrealWannaCry
591,dxzsraktwberihd,2022,176,845,477,873,772,140,3554.3933736406175,montrealDMALockerv3
592,xwwpjihmesecjtm,2012,328,477,265,892,214,481,6692.190299248667,montrealWannaCry
593,lqoqvxoqhncylvn,2011,315,287,372,455,256,237,4838.025398606473,princetonCerber
594,lyhqpdyuqhwvsmo,2012,215,303,486,13,135,974,4183.895333783335,montrealDMALocker
595,wxwesttrsdjteae,2016,82,311,434,210,573,953,3578.1124933559304,paduaCryptoWall
596,hwonwaxgoyrwbij,2010,223,208,646,741,875,904,5937.806319434522,montrealDMALockerv3
597,uwnqhbmybuzufcp,2019,103,618,211,397,822,72,5755.93428640082,montrealWannaCry
598,xwkkhkhxhlpmbox,2017,273,446,572,100,88,667,1614.5783406424007,montrealCryptoLocker
599,npasqyearwpcrur,2022,14,670,940,31,836,190,4717.398375184391,montrealFlyper
600,ozfhkvquacteafk,2019,159,633,377,898,988,268,5534.7177620984985,montrealSamSam
601,qxxgtvawemydqdj,2019,152,55,395,528,207,321,5702.869387313905,montrealCryptoTorLocker2015
602,gxritiwexbrwnry,2019,108,912,450,649,129,107,2101.071929123518,montrealGlobe
603,hzsqtfqpwonmfhk,2011,188,12,943,329,823,232,7422.7139225228675,montrealDMALocker
604,mhhsrkzvsbwfake,2012,301,657,364,166,3,42,251.99094821069633,princetonLocky
605,sgojebraogyfqza,2018,98,400,876,459,974,702,3548.3185554316265,montrealFlyper
606,kzjvwalkugkbnfe,2016,131,908,457,822,934,883,7802.126485356335,princetonLocky
607,rsuyrdvqcolyyyd,2013,293,648,725,952,754,139,5638.9292105540235,princetonCerber
608,mxcpzelstbvbwmw,2019,171,980,728,982,121,615,2611.6243251086025,montrealNoobCrypt
609,kzvtugbuzfdjrvj,2014,183,515,226,993,385,683,6949.531193430477,montrealCryptoLocker
610,konxobkrwldfkdu,2011,364,656,982,100,614,863,5673.909441560734,montrealNoobCrypt
611,srmnehjfcyokhtv,2022,39,542,131,621,38,273,7962.436094563872,paduaCryptoWall
612,cbchyuftmpknizj,2020,15,237,588,855,341,481,7350.251861898234,montrealCryptoTorLocker2015
613,tjuzwhzygxpxxlo,2022,4,279,476,173,925,416,6101.079220362347,paduaCryptoWall
614,pjxuvbbbkhygzpo,2017,349,348,798,749,645,506,4881.77675310814,montrealDMALockerv3
615,knthxquamjmuogx,2013,210,627,986,162,714,733,1331.821256675234,montrealFlyper
616,wdzdmmcsviuvckr,2018,161,104,277,905,860,725,2613.330178853838,montrealCryptoLocker
617,dzadwopepnyhkan,2014,16,630,156,728,21,853,4190.994729170853,montrealFlyper
618,laatgvfibcvbwev,2022,108,517,760,776,242,424,5992.992870063887,montrealDMALockerv3
619,geefoffzonlrsxf,2018,311,980,218,263,455,407,5137.078552153048,montrealCryptXXX
620,pxamwgftwxnxbnv,2013,227,872,190,804,963,568,2881.845259595295,montrealWannaCry
621,spqnvaoaqxqvbzo,2019,170,248,417,274,621,390,64.6435778971055,princetonLocky
622,ulfmszhfkvzplpu,2014,34,364,981,3,303,342,4962.392219008139,montrealFlyper
623,gnlytercuvutfha,2018,251,321,675,28,596,946,2856.259885622431,montrealSamSam
624,dhexxuyrjxbohwb,2017,247,633,692,326,595,614,7346.083007105351,montrealDMALockerv3
625,ebvrmocqfcrnliv,2012,269,286,546,940,803,933,239.4626527048349,montrealNoobCrypt
626,dryoaxbenwuzdmz,2010,141,149,41,149,964,493,5848.278113057909,montrealCryptXXX
627,vufdwvwoqxdoedn,2012,274,84,307,540,69,192,9414.742375060654,princetonLocky
628,hsyqshuxqzxfpty,2013,96,966,943,488,129,499,1744.092671114995,montrealDMALockerv3
629,kgtbbkiuaurrmtj,2011,227,406,338,822,196,822,4716.494907505954,montrealFlyper
630,uresuobcwzspgbg,2010,39,978,314,438,140,712,914.2199181713817,montrealCryptXXX
631,dgsyuxpppqacayt,2016,302,456,75,65,444,233,6256.819122613526,montrealCryptXXX
632,ypcnkglttjqpuoy,2017,29,743,953,356,283,945,5505.316805962256,montrealCryptoLocker
633,faplabptcirsglu,2016,318,800,279,533,312,227,4073.6552421283236,paduaCryptoWall
634,aiimipglfurpcdh,2014,245,161,176,252,746,371,5213.770214737412,montrealCryptXXX
635,bcisnxptpwyhiki,2021,236,784,896,235,535,139,8965.746584690101,montrealGlobe
636,dwbiyrhqvzsisxy,2010,185,460,662,227,665,856,1962.9430231106703,princetonCerber
637,rxzomzbbsofdakk,2016,272,550,273,525,277,817,225.64511705347235,montrealGlobe
638,tnmhqpbiqwfzngf,2022,236,500,837,313,61,149,8616.64884699101,paduaCryptoWall
639,lczsxeuwzpfewdh,2016,239,738,620,49,319,115,5771.170823879065,princetonLocky
640,ygmcsbmwasylbkt,2018,266,509,651,118,890,450,8906.584554618425,princetonLocky
641,vyvgojscxtexxjn,2012,359,654,862,54,52,63,5969.452234131726,princetonLocky
642,ztzfuejrzhuhctj,2018,340,804,783,650,856,104,8101.610899597024,princetonLocky
643,kbmuyjmilkxoqds,2010,65,481,859,565,153,851,4296.733633551479,princetonCerber
644,aiwvbtptmfwblck,2010,177,663,931,44,749,871,7498.599312882688,montrealGlobe
645,eyzgisfksniybhi,2013,3,114,289,815,311,668,9130.41466889856,montrealFlyper
646,vzviuqetplqvaif,2018,142,749,724,53,814,273,5721.229637222063,montrealDMALockerv3
647,diryjojmimkfkjv,2015,158,578,893,586,544,6,1807.8515056237954,montrealCryptoTorLocker2015
648,xxtvjifccqbrqvc,2022,324,361,272,558,567,147,2687.9761503019818,montrealFlyper
649,vnecmapptzzfxmj,2020,146,341,930,525,864,184,1986.4457689740577,montrealCryptXXX
650,qcqogmqjytzrqhn,2012,293,770,66,677,389,998,2468.570275957329,princetonLocky
651,xxxfgcctxmoivuc,2010,153,987,483,102,548,28,3064.154493510364,montrealDMALocker
652,zvaihmldudpewsm,2013,193,761,936,792,622,962,5551.3378675318845,paduaCryptoWall
653,mqoxztoablixkib,2021,73,969,248,770,177,550,5879.916294638328,paduaCryptoWall
654,iwumtdsgvjoizfx,2022,305,449,156,982,362,119,4264.997472418611,montrealCryptXXX
655,vppwniilbsdaidd,2018,344,843,47,849,314,293,6154.207798208355,montrealDMALockerv3
656,sujngsltvdbrial,2012,140,835,935,868,807,371,815.7492561136593,montrealSamSam
657,xtrtfwxouqexhkk,2021,187,180,454,398,848,244,877.8823705815997,montrealSamSam
658,hthrwpqfousfdwm,2018,293,702,201,138,97,580,1718.2946035765844,montrealCryptoTorLocker2015
659,laswhkahysuwtst,2016,61,407,660,675,881,726,5180.774980403447,montrealGlobe
660,wckfswtzjpvsjls,2021,198,666,124,921,213,218,2139.9467869831356,montrealDMALockerv3
661,bvbvvgxphchqghh,2013,295,196,1,387,829,177,2832.8440349257735,montrealCryptXXX
662,azbkhluisdiwbcl,2012,319,466,968,111,137,299,4003.1283617299405,montrealSamSam
663,iqsgdlhtmelhogq,2019,302,311,759,614,6,676,8118.661240103798,montrealSamSam
664,ekdcjbqhwnukhpw,2014,344,262,855,17,109,58,138.62135912860117,montrealSamSam
665,amngycdznwnnlqs,2014,11,419,640,780,547,269,6493.788202366224,montrealNoobCrypt
666,shegfcbfppdtzka,2012,62,406,191,182,39,308,6688.765310406853,montrealDMALocker
667,zmgnilldnfsftlk,2021,333,939,579,884,662,570,7986.557803566366,montrealFlyper
668,wsowbyjdcpoaeoo,2018,226,143,516,536,425,288,9327.529390603133,princetonCerber
669,gpxcctgmiuvhsqv,2013,153,342,442,541,630,977,201.37848949289827,montrealCryptXXX
670,myjcayercqwcnmm,2020,199,316,921,171,261,105,1537.8370551321618,montrealWannaCry
671,xcphvdyxqnazzmz,2014,52,101,815,409,426,228,8861.71294055993,montrealCryptoLocker
672,bjjtpurjkikejet,2013,260,244,806,740,87,247,4585.185621870153,montrealFlyper
673,xdqxwvulylyucxg,2014,59,490,143,378,465,700,5645.906389334635,montrealCryptoLocker
674,kkdwqwonrjsulgl,2016,72,12,191,188,76,494,6630.272037231473,montrealDMALockerv3
675,fzxrlkabagzvcrm,2018,148,239,533,858,471,83,6790.666044956374,montrealCryptXXX
676,fkgtvoryifcdjyv,2016,349,561,227,230,976,186,9317.404033165081,montrealCryptXXX
677,pxkriwepcmzfnyf,2022,63,42,313,833,963,252,9969.494174116697,montrealCryptoLocker
678,solalkrmtqqnwcr,2014,310,678,629,852,414,355,7201.574609309402,montrealCryptoTorLocker2015
679,hgainzcygreonnw,2019,243,594,949,119,825,750,2872.212092051508,montrealCryptoLocker
680,uubogtagrejjjni,2019,330,429,302,156,895,872,8797.524022943437,montrealCryptXXX
681,ypcwrfocihkkhqa,2016,107,803,654,784,726,696,492.20914540761606,montrealSamSam
682,ipraboapzfxvmct,2019,226,158,996,687,457,796,2310.808528744962,montrealCryptoTorLocker2015
683,sqeiiipjokhwtwr,2014,313,216,460,465,285,897,8973.857174637149,princetonLocky
684,oiytllhmbsbnfck,2012,218,670,401,104,239,938,2561.9151443935493,montrealGlobe
685,gjcalrblyenmrjz,2016,241,462,551,604,677,210,2206.510596217485,montrealWannaCry
686,unzrhladzgchcwu,2022,259,134,393,698,599,816,1381.2529314024723,montrealNoobCrypt
687,muvuizfljumzohi,2020,262,67,867,972,653,808,8591.117576469165,montrealDMALocker
688,bukrvxsukogbumm,2020,5,848,764,795,672,609,5000.582591910867,princetonCerber
689,iviyrkpaqrgiiiu,2011,261,7,845,502,558,447,6748.932030541548,princetonLocky
690,aguhccekptewcjk,2021,54,948,207,693,372,460,2390.663840750297,paduaCryptoWall
691,ptgwaegeaoybgos,2018,47,526,210,682,495,968,7580.404210112165,montrealCryptoLocker
692,xlkebtrrclwgmsh,2019,215,73,115,699,624,472,7600.055449620985,montrealGlobe
693,vyxdnjwlnpmhseo,2019,177,399,737,175,919,720,3125.980249083001,montrealWannaCry
694,xvmhfhnltsitnds,2021,9,405,646,734,45,370,4106.826330102828,montrealCryptoLocker
695,qvxxhdtlzxuwqgb,2010,99,675,251,745,401,900,2096.9027743020088,montrealGlobe
696,tbnvvayxogwkslx,2022,20,578,219,674,247,934,9765.610233229043,montrealDMALocker
697,kmsjpdfltoqzllk,2015,241,859,407,421,616,492,6456.025770584116,montrealCryptoLocker
698,tuwmatxxtgjragw,2016,61,130,443,134,597,923,9345.438807155155,princetonLocky
699,edfqjkkuvdfmsdu,2022,178,931,603,391,450,137,3033.855436291332,montrealSamSam
700,agfnqphmyktvomo,2017,338,466,354,992,485,367,7818.909129968897,montrealFlyper
701,qhvvsnuzpzszdtk,2019,62,206,888,736,646,912,7658.58643884742,montrealSamSam
702,ykwndtzyuhutcai,2018,145,788,558,501,620,184,6916.556518665416,montrealNoobCrypt
703,qjlpbzstkcxgpvc,2011,216,978,550,665,18,588,9656.389752668005,montrealCryptoTorLocker2015
704,sfbzzabgbstclqy,2020,3,768,142,33,606,287,3935.5533610631555,montrealCryptoLocker
705,fnmyxsmovayvqbj,2019,160,266,612,55,662,472,1307.173235897573,montrealDMALockerv3
706,wsjvhldexnnhadm,2011,227,537,501,954,758,375,6717.0885924406075,montrealSamSam
707,cunjqzbzqpqyllx,2014,269,962,840,519,289,654,7293.098004772061,montrealDMALocker
708,rqiqvjgrtnrsajk,2022,120,793,702,756,414,749,5750.605734588146,montrealCryptXXX
709,caxsxrkzpurxriv,2014,89,253,547,825,721,537,2068.1789313339627,montrealFlyper
710,zwgbezmemdwfvsa,2015,329,822,659,638,638,511,5044.559416693553,montrealWannaCry
711,hulwbokuoglkuxt,2012,68,289,542,12,235,802,3121.897365691294,montrealDMALockerv3
712,eiuwumczmfpztfx,2017,357,164,846,528,416,579,4274.66528166689,princetonLocky
713,kyxtvqjdhkxktnu,2022,98,95,507,720,938,250,6452.185758446639,princetonLocky
714,maiqgexqqrfilgw,2010,267,782,596,555,499,920,7452.147426908346,montrealNoobCrypt
715,lbmsgajbrmghprl,2015,105,833,881,373,974,510,2322.2469090134314,montrealNoobCrypt
716,tnqqizklgmvfhwf,2013,323,110,281,484,634,630,4053.2536064695337,montrealCryptoTorLocker2015
717,txrkqggeqnuwymh,2010,123,336,424,973,650,73,2691.615709916292,montrealFlyper
718,qkjsigpktuqzyal,2016,29,822,856,647,115,282,1986.3161386186912,montrealCryptXXX
719,tscqwjxtlcschsz,2018,137,238,270,228,932,916,7833.872199958384,montrealWannaCry
720,ingfxwwydugbmzm,2022,195,381,154,623,674,960,9092.526944369924,montrealCryptXXX
721,kxosspjqsoqftwt,2013,226,436,614,307,713,360,3702.3218568457673,paduaCryptoWall
722,vlwgkprsxptlqft,2013,332,899,727,457,234,10,7512.789243737669,montrealNoobCrypt
723,xlgobckxvlfjrxd,2015,170,483,662,160,540,211,8969.952893644111,montrealCryptoTorLocker2015
724,hidrycdhoiyhfuq,2021,9,937,944,331,11,835,8461.242105302315,montrealGlobe
725,wgvaqrqcqnwyqgd,2012,40,902,83,776,206,152,1828.1338853922591,princetonCerber
726,kytevkihgemhpor,2022,25,25,622,225,679,5,9562.918815133613,montrealCryptoLocker
727,ychvjwowgmukahy,2021,261,653,947,983,247,195,3766.7644042946245,montrealCryptoLocker
728,uhmgfyuzhemetit,2015,226,117,899,729,559,954,3392.406611738363,montrealGlobe
729,urixvnuvlzmspmw,2016,124,482,426,504,758,283,624.3132727778034,princetonCerber
730,yezxijyfmpxbatv,2020,38,392,275,456,127,464,4861.73654104883,montrealSamSam
731,zovdilmtfftpszw,2019,328,917,713,45,147,113,1090.136156409287,montrealCryptXXX
732,ievpnjtyerdqeku,2019,251,994,284,214,118,271,2485.39820927426,princetonCerber
733,debhvnhfdesnzgx,2012,176,964,980,59,911,163,3169.426217672814,montrealCryptoTorLocker2015
734,qhabtdcfopahxjt,2016,90,537,173,644,382,460,8088.263234916841,montrealWannaCry
735,jhudbgiyriqmakl,2012,37,79,327,616,412,105,8754.886503958965,princetonCerber
736,btlzcxwmykxpzwq,2022,316,580,718,195,664,693,3024.663174614697,montrealCryptoTorLocker2015
737,gjqcvjxtgwxofux,2022,176,173,63,925,584,556,8586.981212445738,montrealGlobe
738,qnjnwcmbeyshdww,2011,284,956,73,489,363,282,8572.30937369791,montrealNoobCrypt
739,rfpsarvldcvihfe,2021,81,12,763,157,509,687,7646.509503848735,montrealGlobe
740,sfqbfwxnylzhkim,2019,114,800,636,610,137,162,1466.9511401518155,montrealDMALockerv3
741,zhwqibappbljbmm,2013,40,128,375,226,175,983,6903.22846900729,princetonLocky
742,aropnnoorsawaxq,2021,301,608,633,412,289,351,9450.240645805688,princetonLocky
743,hugbnrlgstnziyp,2017,224,92,508,205,958,434,6825.40478767157,montrealFlyper
744,dkwetfhclyypacl,2022,318,653,787,79,481,852,3316.1684910783397,montrealGlobe
745,azuybldwespgcmj,2018,349,543,943,124,19,140,5005.793174308313,paduaCryptoWall
746,apsouvdruqvnrvv,2016,115,846,398,471,195,471,6457.250433510536,montrealCryptXXX
747,eclqqafsjpntquy,2010,186,532,120,940,330,132,5105.704087285036,montrealWannaCry
748,lyxpwjqwvfvjsks,2012,323,658,934,218,936,87,1199.5294173096981,montrealDMALockerv3
749,iqcgkekwrdqjxub,2022,56,989,437,516,175,688,3120.6404465202063,montrealDMALockerv3
750,errffjkpbimfrmy,2021,40,828,829,602,449,183,8023.960305536325,montrealNoobCrypt
751,qopbrynyhnsatez,2018,354,447,676,104,925,368,8614.180460955175,princetonCerber
752,gzniugibcerkqvt,2021,40,390,936,393,946,129,1373.0003271557023,montrealCryptXXX
753,qjdyfqnjjjbwlpn,2010,347,672,465,631,354,246,9523.867523987246,montrealGlobe
754,oamapqecjwuhhwi,2018,237,861,286,645,499,601,3288.2261784860934,montrealCryptoLocker
755,zplhhoyjynhoqeo,2017,289,43,265,824,141,578,6623.1373873072,montrealDMALockerv3
756,rmbxsudjqhfezyb,2010,262,254,320,608,758,670,7518.251459566812,montrealCryptoTorLocker2015
757,hvocxweqzczjzjm,2015,216,130,673,980,897,899,8119.462346378834,montrealCryptoLocker
758,ahajdexahfuqnhz,2014,147,60,376,434,930,378,9457.497022259302,montrealGlobe
759,qkmaepzweympish,2015,336,663,820,331,93,149,3129.195480288226,paduaCryptoWall
760,cixohnjwwdqceej,2019,168,467,89,143,944,985,8585.064545515545,princetonCerber
761,ljjdipodktfeapm,2021,92,287,654,800,239,852,1316.8690343620704,princetonCerber
762,tbxymuzcfuhvpsm,2022,353,517,203,540,205,433,7050.409063535927,montrealWannaCry
763,mvaabmfnrvtbjsx,2022,59,467,821,278,560,628,7419.777295139859,montrealDMALockerv3
764,kiaqcjmdgfodtav,2022,59,930,739,233,433,726,6777.232412013204,montrealNoobCrypt
765,qeijkwysvtpnqib,2014,304,778,955,529,245,469,2523.14736135153,montrealSamSam
766,ssfnuulkksujwiq,2015,169,345,334,571,832,446,8730.431470152034,montrealSamSam
767,hluawlpihiahwez,2014,269,642,222,90,317,481,1688.58463370395,montrealDMALocker
768,ydjgqtumbpirdjg,2020,363,382,41,492,925,884,536.3479152083083,princetonLocky
769,iwxcerawohqpgwa,2021,45,779,708,199,295,294,7174.649906119122,montrealCryptoTorLocker2015
770,wkfwvdvfrbygtrt,2014,345,690,68,362,640,765,4754.757152327337,montrealCryptoLocker
771,wbbyfqsmhtoiwsi,2013,181,253,988,441,856,143,8490.98019958676,montrealDMALocker
772,zzmejvqeqztxblp,2012,170,927,776,26,282,250,3833.9714105825897,paduaCryptoWall
773,wrbykkxqvbsbhnr,2012,356,56,514,25,17,878,1682.7858850771283,princetonLocky
774,bmosvfntiwmdevl,2013,191,463,873,394,71,948,8364.421924698698,princetonCerber
775,cnpuarxculppbam,2018,155,457,637,507,269,975,5489.096316400717,montrealCryptoLocker
776,jffhqnqefbzvpec,2011,188,983,622,301,325,302,1891.9579239035488,montrealCryptXXX
777,plhextfxvtvnqay,2018,7,83,598,339,794,25,7203.839985864458,montrealDMALockerv3
778,uotfsombvykkxga,2010,133,905,937,267,305,789,5111.136384895005,paduaCryptoWall
779,kqyklfstmnzqhqd,2010,235,99,632,461,451,984,6043.129822403198,montrealCryptXXX
780,iwwtqhiauksasww,2014,45,149,127,693,7,889,4608.983382065819,montrealNoobCrypt
781,rrhrqvguzcqyrkd,2015,314,329,255,456,314,890,8287.089838180063,montrealDMALocker
782,shvxglknwtdmbyt,2015,249,156,695,360,817,901,8295.627156830498,montrealDMALockerv3
783,inydpencobownhc,2012,31,190,16,68,103,70,7093.888218243862,montrealCryptoLocker
784,pvnrhjmezsnhopg,2016,23,494,477,863,821,625,1054.0137739646227,montrealDMALockerv3
785,hjkkpumbscbauhr,2018,160,883,62,412,193,875,8388.538619040688,princetonLocky
786,hekmvgqbumtsqno,2020,363,263,881,971,753,112,6710.129805329098,montrealWannaCry
787,orkfggyyodsdoad,2021,158,80,432,491,574,364,6970.241660042995,montrealGlobe
788,tyjuapqtgjimxfp,2019,39,400,670,833,529,303,3629.828404038716,princetonLocky
789,xjwkbbiicuffmkb,2017,82,764,268,49,171,471,8792.795561570067,montrealNoobCrypt
790,rxmqgyshswozxen,2015,356,609,35,687,537,964,7253.716002348575,montrealCryptoTorLocker2015
791,ajorbsxonhgywbg,2021,258,260,779,564,251,91,1125.9046652919446,montrealCryptXXX
792,twjshalhmwdfhxe,2017,206,772,576,102,765,530,4077.7803440616267,montrealFlyper
793,neattbiruwahvms,2021,77,615,494,216,387,661,8863.803619601416,princetonLocky
794,lybjrhqcmvqsrnm,2014,12,552,562,438,207,988,471.96701697378995,montrealWannaCry
795,szwqugnjdataoou,2017,295,785,469,700,541,739,9614.166196420494,montrealGlobe
796,rfsjhlchrzuumut,2019,224,101,767,569,629,726,6791.625683195628,montrealCryptoTorLocker2015
797,ziexbaycnfeplsg,2021,13,359,661,559,416,872,6313.759776433766,princetonLocky
798,wudooqihpdcdibp,2013,46,380,325,159,794,663,2705.592564879914,princetonCerber
799,pbrvbnlrrsxdkjc,2019,155,820,304,489,380,192,2487.917887391771,montrealWannaCry
800,hewjlqvjqbzpmvm,2017,113,221,276,686,144,963,9420.582194885954,montrealCryptXXX
801,hsvuhzrqevobupi,2019,233,820,869,242,25,552,2982.7245423412273,paduaCryptoWall
802,ifveuobwpqvawcj,2021,17,420,963,794,822,242,7755.052967189994,montrealSamSam
803,fblrscixhbwdesl,2011,360,124,684,753,668,138,3931.2179820707915,montrealCryptoTorLocker2015
804,jekcxdbemuayfac,2021,223,422,929,882,73,345,1392.5407078470398,princetonCerber
805,zibkseomyjoctbp,2021,354,231,201,5,632,180,107.1529769535895,montrealFlyper
806,hhurnvtzjlukoym,2014,188,690,445,596,824,712,5442.573370152508,paduaCryptoWall
807,brvwsauxgtiefqx,2018,344,63,905,820,833,503,9757.788185489328,montrealCryptoLocker
808,yhpihwwllcvsues,2013,365,485,324,361,93,203,3691.361938092045,montrealWannaCry
809,lyzitziwkncutbq,2020,163,628,35,459,505,573,3571.9233399304485,montrealDMALocker
810,kaldbolrtpuqckb,2015,326,703,977,248,598,192,3440.916178494421,princetonCerber
811,umpdxkjtpcuzkex,2010,74,574,482,566,336,5,5205.438373048584,montrealDMALockerv3
812,stthnjdwqvrnkim,2018,233,768,728,673,425,890,4406.648834242936,montrealCryptoLocker
813,rcgiuemekroahhn,2010,224,483,480,946,499,237,8799.146267270145,montrealCryptoLocker
814,ixyzcckobnfxgnb,2014,319,519,65,422,364,693,5055.207917234903,montrealFlyper
815,rkkijgncxmodzls,2013,60,155,8,923,947,311,5077.578381885688,montrealCryptoTorLocker2015
816,fisqbpyimzqdkkj,2022,335,92,301,738,630,549,1383.715947205566,montrealFlyper
817,iakjzrkxzfmbqrc,2021,222,982,343,15,745,56,9827.39540910386,montrealWannaCry
818,whsichcslypklxm,2022,37,526,431,736,199,443,2499.728908688297,montrealFlyper
819,vjghoowqcpbuavz,2022,278,455,424,573,718,237,733.6406745960267,montrealGlobe
820,vjjmmudixdqsbqc,2012,196,741,332,122,413,870,6631.462489752088,princetonCerber
821,gbgfggkcivssfnd,2022,352,598,438,277,339,861,5953.6637015687265,montrealNoobCrypt
822,nyhyrmamwjntayf,2015,242,645,588,558,659,197,4151.456539927457,montrealDMALocker
823,fvqujphxhgowmgl,2011,324,510,174,453,962,585,4221.92233880678,princetonCerber
824,ehvkotkebpqzpos,2012,219,183,559,390,937,571,7850.639210464312,montrealGlobe
825,bgnbrdmawlwfilo,2014,192,386,527,294,429,752,1957.1264009964907,montrealFlyper
826,itrugoaroofuxxy,2018,17,574,873,574,783,514,8202.533189448897,princetonLocky
827,fpnxsxzaohzbonx,2011,12,731,659,598,899,449,6487.471138950182,montrealCryptoLocker
828,urritnuspnzhxvw,2019,193,405,26,446,139,360,4189.6977377952435,montrealCryptXXX
829,yergvellxrzhhid,2017,22,246,820,210,693,700,4580.286165838686,montrealCryptoLocker
830,bkpfvavxrektgzs,2011,120,742,605,590,942,819,2566.472071860958,montrealGlobe
831,ziwdldejjtexmub,2020,210,591,406,714,542,30,7521.143326969748,montrealCryptoLocker
832,crarezkzriijnpa,2022,306,661,232,302,57,779,5128.747423052678,montrealSamSam
833,hubwdtgyfpskunp,2014,270,650,533,909,232,988,3208.545427498436,montrealDMALocker
834,widzmyvnxzduqie,2016,192,471,819,223,658,108,5960.501157609502,montrealDMALocker
835,gxoncyqeumwbftp,2017,175,826,550,734,435,844,9957.34452051323,montrealDMALockerv3
836,kpizmdfsryxxsew,2010,285,888,788,3,384,935,4352.622796565538,montrealFlyper
837,udboobfoakvbyeq,2015,204,423,505,990,560,602,9206.914007786196,montrealNoobCrypt
838,glkspvslhcnjlvw,2010,164,901,669,518,194,717,3450.168399245661,paduaCryptoWall
839,fcebuegcdkcwmga,2011,251,65,179,93,736,891,547.3270692498588,montrealDMALocker
840,tqwgztkzpiryzvv,2010,227,13,132,520,648,968,2042.4210636842888,montrealFlyper
841,hnkpqnkgpszcsng,2020,7,213,823,428,534,959,4186.951433276842,paduaCryptoWall
842,aoruhcgcevoamya,2014,29,986,455,493,518,960,2196.34928594569,montrealDMALocker
843,ehcxlfezhkjtlot,2019,33,242,348,235,716,445,2.270382182555375,montrealDMALockerv3
844,rdonkcigaslclvq,2018,134,493,540,620,751,893,9150.015377475273,montrealCryptoLocker
845,hhsejvjtzulpugr,2015,79,213,772,161,185,438,8438.79411230929,montrealGlobe
846,vzljzyypzmvzzjk,2020,58,693,406,721,872,732,7422.922314869471,paduaCryptoWall
847,shkxewnjoeiqlxx,2020,26,338,76,752,292,890,1678.1459564602862,montrealFlyper
848,zqfkglluevedswo,2010,226,997,941,331,335,606,1203.6357620998606,montrealWannaCry
849,bwglnqzckjhclsn,2022,285,173,579,333,732,457,676.0474947238315,montrealNoobCrypt
850,wuorjxximtdhbhj,2010,4,672,854,50,116,615,7240.291887729212,paduaCryptoWall
851,zigqlscnutmbdko,2011,99,164,492,523,825,735,9288.079606878853,montrealDMALockerv3
852,wahfssltvtcvagp,2018,39,465,194,863,49,698,4305.35820913037,princetonLocky
853,jgzkyfkymzwzhrf,2012,271,995,984,668,685,981,1191.4067199604817,paduaCryptoWall
854,txadkqtxseckvhq,2010,285,497,162,492,82,696,5123.928207321066,montrealFlyper
855,lsjtfhjaradanmp,2014,157,700,347,582,834,495,3488.319074586301,montrealNoobCrypt
856,aqjwalyssufmqoa,2016,75,395,951,681,333,674,3748.249243499977,montrealDMALocker
857,nqagfsaggrpffei,2015,288,703,361,272,557,247,6213.306241557073,montrealCryptoTorLocker2015
858,vtizedtxsjpddnf,2021,130,917,769,580,335,543,7187.181132622024,montrealDMALocker
859,xudytilukcowljg,2010,175,308,584,867,532,564,1106.0359887316085,montrealCryptoTorLocker2015
860,wdcqrqlksfqvpyf,2014,84,768,87,252,960,857,355.9023080647639,montrealWannaCry
861,rebvxgiwscgbqek,2014,22,183,934,560,221,588,9943.30302685715,princetonCerber
862,ilmvwszwzjeulwg,2015,27,629,262,696,635,897,2327.2834891555185,princetonCerber
863,gapiwcwwosrzhhl,2012,195,794,214,832,746,439,538.3052490845907,paduaCryptoWall
864,atsnvwtgnwdbyrj,2014,337,510,665,699,733,278,1898.7532909591998,montrealCryptXXX
865,vngbsoqtqovqngb,2016,236,708,722,90,323,552,389.5784634846422,montrealFlyper
866,bjzojwmvwanztvk,2014,92,546,913,446,851,613,3918.1089461717165,princetonLocky
867,nfwflgcczddmhfl,2014,21,564,573,332,3,111,8024.017844513242,montrealDMALockerv3
868,kkezsjlrzwxozds,2014,303,624,780,139,694,385,3412.444497577206,princetonLocky
869,zzqckrzhkupielr,2019,357,764,262,357,206,833,4441.834068783665,montrealCryptoTorLocker2015
870,adhrzepcmhgpaga,2019,84,594,730,601,832,761,6755.867735674388,montrealFlyper
871,vvqiezkcdgcjufq,2012,262,744,283,274,40,191,5088.940700698802,montrealFlyper
872,suoqqathenezlwo,2010,147,227,648,19,59,490,8614.456860213242,paduaCryptoWall
873,iuqgxtdokcdqasz,2014,257,745,467,983,951,694,8660.356750457566,montrealDMALocker
874,pvyvrnoyzpqlepa,2018,58,733,380,311,574,426,99.10695491153643,montrealNoobCrypt
875,kqkdkgnyychjdlx,2010,15,436,362,870,644,405,7780.463064831992,montrealDMALockerv3
876,sunsrogxvfksptw,2012,162,925,449,886,507,335,4607.336002416739,princetonLocky
877,wxzzlxqyyvrpyjs,2022,163,422,441,978,572,209,9888.405413036631,montrealGlobe
878,whphlymhkkejupp,2022,320,554,93,154,884,22,4832.320758754351,montrealNoobCrypt
879,oaxftgntiehphig,2013,281,21,621,390,843,678,9868.959453882975,montrealDMALockerv3
880,ybpnabznffxrawi,2010,280,554,753,260,122,611,7545.6936120573655,princetonLocky
881,cezovromtwsaikg,2010,12,397,867,620,479,208,2486.0488461330633,montrealWannaCry
882,qepgkvfhecmdapo,2017,274,625,424,883,619,8,5383.949792869576,montrealCryptoTorLocker2015
883,iidflopqvolxlvi,2011,271,105,142,797,96,702,9921.356394785827,montrealCryptoLocker
884,nurmevkrkgzastg,2021,208,192,291,571,859,687,8575.306077519237,montrealDMALockerv3
885,uefyocczkbgzghd,2017,27,17,432,125,414,785,973.6689379122109,montrealCryptoTorLocker2015
886,laflnmctmylnqti,2016,72,120,749,354,235,529,7063.719968099961,montrealFlyper
887,swrbnfxnksshjed,2019,60,393,852,273,898,602,3455.7958587081307,montrealSamSam
888,jpkreatyxmxfimx,2019,145,425,824,619,62,653,69.82261880348118,montrealCryptXXX
889,xqbgwgzxpmsvgqk,2011,93,129,689,811,256,657,4034.809690269996,montrealFlyper
890,reaxthyqizosigt,2015,309,130,653,245,561,166,2347.544217249713,paduaCryptoWall
891,aplobdikhgyjhlr,2015,8,572,701,848,905,849,8188.692705204716,montrealSamSam
892,qukgwfofvmdidsx,2012,79,560,998,450,348,496,3373.306088457655,montrealNoobCrypt
893,yqcttqlrktjocro,2020,27,29,49,930,671,590,8275.23693953817,montrealFlyper
894,urysamezsdlboqt,2011,174,97,302,247,124,429,5.979388347953085,montrealFlyper
895,iandqnqpizehflj,2021,50,10,881,520,482,774,3078.1915002611913,montrealDMALockerv3
896,dxmeqgsnsxuuhro,2010,199,242,190,141,317,163,2411.6521430776193,paduaCryptoWall
897,lfukqibcllkbooe,2015,349,826,136,362,504,366,2335.67361068611,paduaCryptoWall
898,jhqbgwgfsjbwdie,2021,181,956,555,8,719,526,681.866197654627,montrealSamSam
899,tiewvylwjcigcht,2014,24,232,404,478,48,239,1871.2427041050173,montrealFlyper
900,tpjbvqralqxlhfs,2020,316,789,892,352,409,72,5555.495698856199,montrealSamSam
901,kzkvrfevngjcalh,2018,46,284,865,996,932,445,2913.610728377445,montrealCryptoLocker
902,ekzyhvfnacufbkw,2010,15,715,602,495,136,655,4173.94782329148,princetonLocky
903,bhryjmsqnldtklb,2016,153,759,807,606,201,822,3768.668803471885,montrealDMALockerv3
904,ucfczularqxctlg,2014,222,802,341,833,250,509,8759.049249998945,montrealCryptoTorLocker2015
905,oiorntytldpeqae,2014,206,776,757,427,314,795,9052.989990105154,princetonCerber
906,vzrsnlsreudzxur,2011,273,955,945,39,869,269,4929.569716558601,montrealFlyper
907,oqytfebiouzclhi,2020,236,726,704,593,368,753,3301.5595031560442,montrealDMALocker
908,valxyyeihycqchd,2012,340,200,318,187,429,415,1068.0070400236364,montrealDMALockerv3
909,jsdwgalrcerhcbt,2016,228,945,618,596,830,245,9534.02879382095,montrealDMALockerv3
910,thbaniyevilzjsj,2015,9,79,363,600,807,675,602.2694490029745,montrealDMALockerv3
911,qwgvdlaasazpyhk,2021,166,913,822,754,480,60,2976.5027756828044,paduaCryptoWall
912,pasdafbvvogfcxb,2011,319,956,382,854,314,6,2980.6620117000416,montrealNoobCrypt
913,aqcteutjokkauzl,2015,214,855,233,93,500,709,3204.012861402149,paduaCryptoWall
914,luuoulcpzwmtvcx,2011,117,856,777,86,721,982,1642.8684327240928,montrealNoobCrypt
915,ptdhyndgbwkddrt,2011,344,173,344,44,355,570,7831.614309236972,montrealGlobe
916,rauhpgiiitpmxbt,2011,72,467,549,137,485,817,1224.9786196598923,montrealSamSam
917,oeyinjhycloghzy,2020,64,581,817,421,211,407,6349.066591531628,princetonCerber
918,fufeydosmbzijcb,2012,205,416,553,74,704,217,1238.4602670581746,paduaCryptoWall
919,goacfczewsoprsh,2011,209,940,529,548,44,930,705.3563759295656,montrealFlyper
920,isdipjnkdylolpu,2013,72,449,856,613,541,26,9094.295036858764,montrealNoobCrypt
921,yjsdxqhpjeiyuhv,2018,277,87,789,988,571,815,1901.2876631870568,paduaCryptoWall
922,kubclfsddnznzjv,2015,274,101,819,512,583,5,8212.501545597042,montrealCryptXXX
923,bwleokpfjubnpkx,2010,320,8,571,156,92,986,5446.308711071358,paduaCryptoWall
924,xvdtvgnvjhczoyx,2017,338,845,935,938,265,532,778.565196087696,princetonCerber
925,xpnviqgzgwaebly,2021,95,200,183,255,895,390,9554.481914380674,princetonCerber
926,mmywutxoxtdzbci,2016,166,505,41,171,220,710,2469.611669918925,montrealNoobCrypt
927,qgattvzcyjfddrg,2019,32,87,551,981,902,571,8596.453453526065,montrealNoobCrypt
928,aebwhkmlpacugji,2012,11,43,397,728,925,448,1688.1000578456417,montrealSamSam
929,ncdsjkvotsjqcfg,2010,301,385,704,170,442,754,8539.428821418529,princetonCerber
930,uypsgsplzocdclb,2014,217,621,779,764,401,146,132.28812905293984,princetonCerber
931,ksgpprsladkorpy,2022,289,435,494,872,400,388,5117.804565694807,montrealGlobe
932,zmkgydomhcqeyew,2013,102,408,659,322,727,785,7694.425794215568,montrealFlyper
933,wjvgeouinvhovie,2019,267,483,907,567,991,249,9347.955174927833,montrealGlobe
934,pcmgphudgfcjkqc,2017,214,664,333,456,899,526,9092.02136206487,montrealCryptoLocker
935,ytvnexuyavtfuvj,2010,179,17,127,944,789,462,8196.24869547645,montrealDMALockerv3
936,dpmycequgmlamaf,2019,88,645,558,603,576,13,8881.91349661304,montrealGlobe
937,tfajmynjyixkvuz,2010,41,148,557,790,858,903,1992.196858370765,montrealWannaCry
938,xgzuteczflztbwj,2021,76,277,1,613,804,384,2841.842957117288,paduaCryptoWall
939,joetnpepokwvcut,2013,46,232,168,155,490,556,2889.685249210585,princetonLocky
940,onhlcgqjsgrybbu,2017,160,826,620,889,485,887,3770.539310016988,montrealSamSam
941,zncxvmlqgmbtfrb,2014,80,927,19,349,757,399,3933.206703851887,montrealDMALockerv3
942,guetvbczczizrbe,2011,310,366,332,451,470,19,5445.553246546755,montrealWannaCry
943,zebbnpqazxfznuz,2015,86,228,584,876,574,575,1598.7976336644138,montrealCryptoLocker
944,wakwtdeyxsjltdk,2014,92,651,456,653,938,491,6912.466637859893,princetonLocky
945,gomrcsddltvbuhy,2011,148,436,957,173,844,751,1675.665393045065,montrealNoobCrypt
946,gwveyslqiiwviuj,2022,161,399,109,10,682,419,3103.0848210454756,princetonCerber
947,qyzavufvvaguvim,2020,202,211,268,740,445,337,5033.451306061541,montrealCryptXXX
948,plohhrpgdumkpkj,2020,242,391,445,265,269,419,7964.405615234773,montrealSamSam
949,lxxpvuwogogjxkr,2020,353,499,240,438,267,915,7394.6923323872725,montrealCryptoTorLocker2015
950,jjdonxtdjpmecxj,2012,2,540,929,760,54,916,6455.343564105223,montrealDMALocker
951,vmxqjstolxyrpmy,2018,225,563,301,247,528,612,1557.7326058017015,montrealGlobe
952,arqdbdwellzgkfy,2016,289,491,602,667,520,675,5470.4534561557775,princetonCerber
953,rquqivddkbgwwdq,2016,233,442,103,546,616,928,874.4650179988545,montrealCryptXXX
954,vjekpbhloaihzae,2020,77,261,988,499,59,122,3773.6317679665076,montrealWannaCry
955,rjrwtqfmjdigthy,2015,116,773,250,129,825,432,4135.165302899592,montrealNoobCrypt
956,taoxkeviqzadlje,2017,154,350,453,672,40,44,398.11439445753825,princetonLocky
957,njayjizglvfimeu,2013,103,352,520,601,237,872,2739.880994699718,montrealWannaCry
958,honmdtvbjxjaybt,2017,194,520,153,605,955,920,9556.494672664894,montrealDMALocker
959,hepyjujzdokivrc,2013,166,320,859,327,386,317,9536.326078296896,princetonCerber
960,hwjeuvxpduhnewl,2017,359,138,174,753,606,381,3523.270542525393,princetonCerber
961,grharvutspeotdj,2018,90,550,343,835,734,145,431.00108948324055,princetonLocky
962,pndtmuiobvdzmon,2012,174,623,670,980,716,327,1790.9493932818154,montrealCryptoTorLocker2015
963,fnbeupdicrslkfs,2012,122,992,431,404,650,363,3922.1779343354015,montrealCryptXXX
964,axtpfwdsunwvyxf,2020,143,368,727,629,300,50,9477.796979692297,montrealWannaCry
965,pxqatmddkmqnprj,2022,106,220,689,606,395,65,1411.9906353718493,montrealNoobCrypt
966,dayrbhbrjnozgff,2011,305,337,687,675,207,355,7635.158436682123,princetonCerber
967,wxnbfksazwmbmhh,2022,360,223,852,611,336,800,1086.8253937469208,montrealWannaCry
968,dfytxxaxkoqksrk,2019,317,648,850,625,593,164,9812.575773912768,montrealFlyper
969,sdqpekepiqkbyfi,2012,123,768,658,359,730,141,3816.1649910913497,montrealCryptoTorLocker2015
970,aydmpcxhlayakad,2012,9,360,962,603,514,966,7752.34538899056,montrealWannaCry
971,cwzsbjoqzpywpqb,2014,262,921,324,858,178,826,3425.910828111318,montrealGlobe
972,uguglwqeruomlon,2014,73,329,990,718,396,128,6276.688771588087,princetonLocky
973,whumtrlctqpboxk,2011,359,962,673,17,371,398,1920.1608474003674,montrealGlobe
974,nezafhylnlhaxui,2021,223,463,639,274,858,933,1460.2101929696255,montrealDMALocker
975,xsyvxlmeaahrmka,2019,41,946,420,685,791,880,9380.641395681312,montrealNoobCrypt
976,rdevetsqxtpbltk,2022,204,963,594,116,658,463,9176.472779044334,montrealCryptoLocker
977,htdxxhfsqseimcl,2015,264,561,485,861,318,751,8874.689402128824,princetonLocky
978,graktpkxklcoatv,2014,328,804,659,980,736,836,6254.334501665935,montrealWannaCry
979,nkdywymmfesonfm,2015,178,382,751,693,369,808,8082.682112162783,montrealCryptoLocker
980,ruquxsoruqzfcto,2010,348,836,412,91,384,187,690.3693691137491,princetonCerber
981,tmynrbacrvfdvzf,2014,318,590,936,82,62,720,3347.8904189067916,montrealCryptoLocker
982,vtnqarvairqjqfk,2018,84,617,84,324,806,732,3137.0312475715623,montrealCryptoTorLocker2015
983,szfrdfavmrtzcup,2021,318,169,113,961,505,912,6356.453219526133,paduaCryptoWall
984,lqyhaqqvdqgpwhq,2019,111,217,737,114,239,190,3559.577734706405,montrealCryptoTorLocker2015
985,sjzdaoqxlvqdoiq,2011,251,378,332,769,195,388,1485.067816436808,montrealGlobe
986,rhxidwrmtacuzdt,2010,7,119,378,58,678,429,5964.670754135437,princetonLocky
987,zvhlpozzkyleaxa,2019,84,190,755,154,963,858,8143.8392066908145,paduaCryptoWall
988,cfjjxbsrbwyxkve,2022,208,767,655,877,222,284,3821.234944599732,princetonLocky
989,uzgnmyqyubltdtq,2020,314,370,41,404,61,864,1322.687150984817,montrealFlyper
990,gfbmznomgsbsols,2018,22,778,935,628,129,237,1966.8819731282306,montrealDMALocker
991,ncsixrspzlbcpso,2019,3,149,770,855,990,194,2374.83305169384,montrealDMALocker
992,vgdpathizbnegeg,2018,127,676,959,266,685,287,2998.975929945362,montrealSamSam
993,djziyhdifyndzei,2018,297,652,797,315,992,771,6427.950705063091,montrealNoobCrypt
994,xqacfdioyqadcvv,2015,188,859,105,715,156,758,6009.45484537719,montrealDMALocker
995,rvwzcmrsofwcqkp,2017,362,488,202,41,917,136,6960.798615670392,montrealDMALockerv3
996,rucioiexydygbmt,2020,14,770,450,105,378,792,3625.0198453151315,princetonCerber
997,rtfklwzkltsdvvf,2022,12,374,819,901,622,783,8239.976518799784,princetonCerber
998,kmmivfyxexegplz,2010,87,781,843,890,781,171,2040.8766115576027,montrealFlyper
999,jhmxpiwbwziivuw,2019,12,693,973,193,923,159,4690.40747518154,montrealSamSam
